"judge_id","full_name","first_name","last_name","last_name_latin","last_name_label","last_name_latin_label","member_state","birth_year","female","judge_court_of_justice","judge_general_court","judge_civil_service_tribunal","advocate_general","current_member","count_positions","nonconsecutive_positions","start_date","end_date","start_date_court_of_justice","end_date_court_of_justice","start_date_general_court","end_date_general_court","start_date_civil_service_tribunal","end_date_civil_service_tribunal","start_date_advocate_general","end_date_advocate_general"
"J:0101","Louis Delvaux","Louis","Delvaux","Delvaux","Delvaux","Delvaux","Belgium",1895,FALSE,TRUE,FALSE,FALSE,FALSE,FALSE,1,FALSE,1952-12-04,1958-10-07,1952-12-04,1958-10-07,NA,NA,NA,NA,NA,NA
"J:0102","Josse Mertens de Wilmars","Josse","Mertens de Wilmars","Mertens de Wilmars","Mertens de Wilmars","Mertens de Wilmars","Belgium",1912,FALSE,TRUE,FALSE,FALSE,FALSE,FALSE,1,FALSE,1967-10-09,1984-04-10,1967-10-09,1984-04-10,NA,NA,NA,NA,NA,NA
"J:0103","René Joliet","René","Joliet","Joliet","Joliet","Joliet","Belgium",1938,FALSE,TRUE,FALSE,FALSE,FALSE,FALSE,1,FALSE,1984-04-10,1995-07-15,1984-04-10,1995-07-15,NA,NA,NA,NA,NA,NA
"J:0104","Walter Van Gerven","Walter","Van Gerven","Van Gerven","Van Gerven","Van Gerven","Belgium",1935,FALSE,FALSE,FALSE,FALSE,TRUE,FALSE,1,FALSE,1988-10-07,1994-10-06,NA,NA,NA,NA,NA,NA,1988-10-07,1994-10-06
"J:0105","Koen Lenaerts","Koen","Lenaerts","Lenaerts","Lenaerts","Lenaerts","Belgium",1954,FALSE,TRUE,TRUE,FALSE,FALSE,TRUE,2,FALSE,1989-09-25,NA,2003-10-07,NA,1989-09-25,2003-10-06,NA,NA,NA,NA
"J:0106","Melchior Wathelet","Melchior","Wathelet","Wathelet","Wathelet","Wathelet","Belgium",1949,FALSE,TRUE,FALSE,FALSE,TRUE,FALSE,2,TRUE,1995-09-08,2018-10-08,1995-09-08,2003-10-06,NA,NA,NA,NA,2012-10-08,2018-10-08
"J:0107","Franklin Dehousse","Franklin","Dehousse","Dehousse","Dehousse","Dehousse","Belgium",1959,FALSE,FALSE,TRUE,FALSE,FALSE,FALSE,1,FALSE,2003-10-07,2016-08-31,NA,NA,2003-10-07,2016-08-31,NA,NA,NA,NA
"J:0108","Sean Van Raepenbusch","Sean","Van Raepenbusch","Van Raepenbusch","Van Raepenbusch","Van Raepenbusch","Belgium",1956,FALSE,FALSE,FALSE,TRUE,FALSE,FALSE,1,FALSE,2005-10-06,2016-08-31,NA,NA,NA,NA,2005-10-06,2016-08-31,NA,NA
"J:0109","Paul Nihoul","Paul","Nihoul","Nihoul","Nihoul","Nihoul","Belgium",1963,FALSE,FALSE,TRUE,FALSE,FALSE,TRUE,1,FALSE,2016-09-01,NA,NA,NA,2016-09-01,NA,NA,NA,NA,NA
"J:0110","Geert De Baere","Geert","De Baere","De Baere","De Baere","De Baere","Belgium",1979,FALSE,FALSE,TRUE,FALSE,FALSE,TRUE,1,FALSE,2017-10-04,NA,NA,NA,2017-10-04,NA,NA,NA,NA,NA
"J:0201","Maurice Lagrange","Maurice","Lagrange","Lagrange","Lagrange","Lagrange","France",1900,FALSE,FALSE,FALSE,FALSE,TRUE,FALSE,1,FALSE,1952-12-04,1964-10-08,NA,NA,NA,NA,NA,NA,1952-12-04,1964-10-08
"J:0202","Jacques Rueff","Jacques","Rueff","Rueff","Rueff","Rueff","France",1896,FALSE,TRUE,FALSE,FALSE,FALSE,FALSE,1,FALSE,1952-12-04,1962-05-18,1952-12-04,1962-05-18,NA,NA,NA,NA,NA,NA
"J:0203","Robert Lecourt","Robert","Lecourt","Lecourt","Lecourt","Lecourt","France",1908,FALSE,TRUE,FALSE,FALSE,FALSE,FALSE,1,FALSE,1962-05-18,1976-10-06,1962-05-18,1976-10-06,NA,NA,NA,NA,NA,NA
"J:0204","Joseph Gand","Joseph","Gand","Gand","Gand","Gand","France",1913,FALSE,FALSE,FALSE,FALSE,TRUE,FALSE,1,FALSE,1964-10-08,1970-10-06,NA,NA,NA,NA,NA,NA,1964-10-08,1970-10-06
"J:0205","Alain Louis Dutheillet de Lamothe","Alain Louis","Dutheillet de Lamothe","Dutheillet de Lamothe","Dutheillet de Lamothe","Dutheillet de Lamothe","France",1919,FALSE,FALSE,FALSE,FALSE,TRUE,FALSE,1,FALSE,1970-10-07,1972-01-02,NA,NA,NA,NA,NA,NA,1970-10-07,1972-01-02
"J:0206","Henri Mayras","Henri","Mayras","Mayras","Mayras","Mayras","France",1920,FALSE,FALSE,FALSE,FALSE,TRUE,FALSE,1,FALSE,1972-03-22,1981-03-18,NA,NA,NA,NA,NA,NA,1972-03-22,1981-03-18
"J:0207","Adolphe Touffait","Adolphe","Touffait","Touffait","Touffait","Touffait","France",1907,FALSE,TRUE,FALSE,FALSE,FALSE,FALSE,1,FALSE,1976-10-14,1982-10-06,1976-10-14,1982-10-06,NA,NA,NA,NA,NA,NA
"J:0208","Simone Rozès","Simone","Rozès","Rozes","Rozès","Rozes","France",1920,TRUE,FALSE,FALSE,FALSE,TRUE,FALSE,1,FALSE,1981-03-18,1984-02-13,NA,NA,NA,NA,NA,NA,1981-03-18,1984-02-13
"J:0209","Fernand Grévisse","Fernand","Grévisse","Grevisse","Grévisse","Grevisse","France",1924,FALSE,TRUE,FALSE,FALSE,FALSE,FALSE,1,TRUE,1981-04-01,1994-10-06,1981-04-01,1994-10-06,NA,NA,NA,NA,NA,NA
"J:0210","Yves Galmot","Yves","Galmot","Galmot","Galmot","Galmot","France",1931,FALSE,TRUE,FALSE,FALSE,FALSE,FALSE,1,FALSE,1982-10-07,1988-10-06,1982-10-07,1988-10-06,NA,NA,NA,NA,NA,NA
"J:0211","Marco Darmon","Marco","Darmon","Darmon","Darmon","Darmon","France",1930,FALSE,FALSE,FALSE,FALSE,TRUE,FALSE,1,FALSE,1984-02-13,1994-10-06,NA,NA,NA,NA,NA,NA,1984-02-13,1994-10-06
"J:0212","Jacques Biancarelli","Jacques","Biancarelli","Biancarelli","Biancarelli","Biancarelli","France",1948,FALSE,FALSE,TRUE,FALSE,FALSE,FALSE,1,FALSE,1989-09-01,1995-08-31,NA,NA,1989-09-01,1995-08-31,NA,NA,NA,NA
"J:0213","Philippe Léger","Philippe","Léger","Leger","Léger","Leger","France",1938,FALSE,FALSE,FALSE,FALSE,TRUE,FALSE,1,FALSE,1994-10-07,2006-10-06,NA,NA,NA,NA,NA,NA,1994-10-07,2006-10-06
"J:0214","Jean-Pierre Puissochet","Jean-Pierre","Puissochet","Puissochet","Puissochet","Puissochet","France",1936,FALSE,TRUE,FALSE,FALSE,FALSE,FALSE,1,FALSE,1994-10-07,2006-10-06,1994-10-07,2006-10-06,NA,NA,NA,NA,NA,NA
"J:0215","André Potocki","André","Potocki","Potocki","Potocki","Potocki","France",1950,FALSE,FALSE,TRUE,FALSE,FALSE,FALSE,1,FALSE,1995-09-01,2001-08-31,NA,NA,1995-09-01,2001-08-31,NA,NA,NA,NA
"J:0216","Hubert Legal","Hubert","Legal","Legal","Legal","Legal","France",1954,FALSE,FALSE,TRUE,FALSE,FALSE,FALSE,1,FALSE,2001-09-01,2007-08-31,NA,NA,2001-09-01,2007-08-31,NA,NA,NA,NA
"J:0217","Stéphane Gervasoni","Stéphane","Gervasoni","Gervasoni","Gervasoni","Gervasoni","France",1967,FALSE,FALSE,TRUE,TRUE,FALSE,TRUE,2,TRUE,2005-10-01,NA,NA,NA,2013-09-01,NA,2005-10-01,2011-09-30,NA,NA
"J:0218","Jean-Claude Bonichot","Jean-Claude","Bonichot","Bonichot","Bonichot","Bonichot","France",1955,FALSE,TRUE,FALSE,FALSE,FALSE,TRUE,1,FALSE,2006-10-07,NA,2006-10-07,NA,NA,NA,NA,NA,NA,NA
"J:0219","Yves Bot","Yves","Bot","Bot","Bot","Bot","France",1947,FALSE,FALSE,FALSE,FALSE,TRUE,FALSE,1,FALSE,2006-10-07,2019-06-09,NA,NA,NA,NA,NA,NA,2006-10-07,2019-06-09
"J:0220","Laurent Truchot","Laurent","Truchot","Truchot","Truchot","Truchot","France",1962,FALSE,FALSE,TRUE,FALSE,FALSE,TRUE,1,TRUE,2007-09-01,NA,NA,NA,2007-09-01,NA,NA,NA,NA,NA
"J:0221","Jean Richard de la Tour","Jean Richard","de la Tour","de la Tour","de la Tour","de la Tour","France",1959,FALSE,FALSE,FALSE,FALSE,TRUE,TRUE,1,FALSE,2020-03-23,NA,NA,NA,NA,NA,NA,NA,2020-03-23,NA
"J:0301","Otto Riese","Otto","Riese","Riese","Riese","Riese","Germany",1894,FALSE,TRUE,FALSE,FALSE,FALSE,FALSE,1,FALSE,1952-12-04,1963-01-24,1952-12-04,1963-01-24,NA,NA,NA,NA,NA,NA
"J:0302","Karl Roemer","Karl","Roemer","Roemer","Roemer","Roemer","Germany",1899,FALSE,FALSE,FALSE,FALSE,TRUE,FALSE,1,FALSE,1953-10-01,1973-10-01,NA,NA,NA,NA,NA,NA,1953-10-01,1973-10-01
"J:0303","Walter Strauss","Walter","Strauss","Strauss","Strauss","Strauss","Germany",1900,FALSE,TRUE,FALSE,FALSE,FALSE,FALSE,1,FALSE,1963-02-06,1970-10-06,1963-02-06,1970-10-06,NA,NA,NA,NA,NA,NA
"J:0304","Hans Kutscher","Hans","Kutscher","Kutscher","Kutscher","Kutscher","Germany",1911,FALSE,TRUE,FALSE,FALSE,FALSE,FALSE,1,FALSE,1970-10-07,1980-10-30,1970-10-07,1980-10-30,NA,NA,NA,NA,NA,NA
"J:0305","Gerhard Reischl","Gerhard","Reischl","Reischl","Reischl","Reischl","Germany",1918,FALSE,FALSE,FALSE,FALSE,TRUE,FALSE,1,FALSE,1973-10-09,1984-01-11,NA,NA,NA,NA,NA,NA,1973-10-09,1984-01-11
"J:0306","Ulrich Everling","Ulrich","Everling","Everling","Everling","Everling","Germany",1925,FALSE,TRUE,FALSE,FALSE,FALSE,FALSE,1,FALSE,1980-10-30,1988-10-06,1980-10-30,1988-10-06,NA,NA,NA,NA,NA,NA
"J:0307","Kai Bahlmann","Kai","Bahlmann","Bahlmann","Bahlmann","Bahlmann","Germany",1927,FALSE,TRUE,FALSE,FALSE,FALSE,FALSE,1,FALSE,1982-10-07,1988-10-06,1982-10-07,1988-10-06,NA,NA,NA,NA,NA,NA
"J:0308","Carl Otto Lenz","Carl Otto","Lenz","Lenz","Lenz","Lenz","Germany",1930,FALSE,FALSE,FALSE,FALSE,TRUE,FALSE,1,FALSE,1984-01-11,1997-10-06,NA,NA,NA,NA,NA,NA,1984-01-11,1997-10-06
"J:0309","Manfred Zuleeg","Manfred","Zuleeg","Zuleeg","Zuleeg","Zuleeg","Germany",1935,FALSE,TRUE,FALSE,FALSE,FALSE,FALSE,1,FALSE,1988-10-07,1994-10-06,1988-10-07,1994-10-06,NA,NA,NA,NA,NA,NA
"J:0310","Heinrich Kirschner","Heinrich","Kirschner","Kirschner","Kirschner","Kirschner","Germany",1938,FALSE,FALSE,TRUE,FALSE,FALSE,FALSE,1,FALSE,1989-09-01,1997-02-06,NA,NA,1989-09-01,1997-02-06,NA,NA,NA,NA
"J:0311","Günter Hirsch","Günter","Hirsch","Hirsch","Hirsch","Hirsch","Germany",1943,FALSE,TRUE,FALSE,FALSE,FALSE,FALSE,1,FALSE,1994-10-07,2000-07-14,1994-10-07,2000-07-14,NA,NA,NA,NA,NA,NA
"J:0312","Jörg Pirrung","Jörg","Pirrung","Pirrung","Pirrung","Pirrung","Germany",1940,FALSE,FALSE,TRUE,FALSE,FALSE,FALSE,1,FALSE,1997-06-11,2007-08-31,NA,NA,1997-06-11,2007-08-31,NA,NA,NA,NA
"J:0313","Siegbert Alber","Siegbert","Alber","Alber","Alber","Alber","Germany",1936,FALSE,FALSE,FALSE,FALSE,TRUE,FALSE,1,FALSE,1997-10-07,2003-10-06,NA,NA,NA,NA,NA,NA,1997-10-07,2003-10-06
"J:0314","Ninon Colneric","Ninon","Colneric","Colneric","Colneric","Colneric","Germany",1948,TRUE,TRUE,FALSE,FALSE,FALSE,FALSE,1,FALSE,2000-07-15,2006-10-06,2000-07-15,2006-10-06,NA,NA,NA,NA,NA,NA
"J:0315","Juliane Kokott","Juliane","Kokott","Kokott","Kokott","Kokott","Germany",1957,TRUE,FALSE,FALSE,FALSE,TRUE,TRUE,1,FALSE,2003-10-07,NA,NA,NA,NA,NA,NA,NA,2003-10-07,NA
"J:0316","Horstpeter Kreppel","Horstpeter","Kreppel","Kreppel","Kreppel","Kreppel","Germany",1945,FALSE,FALSE,FALSE,TRUE,FALSE,FALSE,1,FALSE,2005-10-06,2016-04-13,NA,NA,NA,NA,2005-10-06,2016-04-13,NA,NA
"J:0317","Thomas von Danwitz","Thomas","von Danwitz","von Danwitz","von Danwitz","von Danwitz","Germany",1962,FALSE,TRUE,FALSE,FALSE,FALSE,TRUE,1,FALSE,2006-10-07,NA,2006-10-07,NA,NA,NA,NA,NA,NA,NA
"J:0318","Alfred Dittrich","Alfred","Dittrich","Dittrich","Dittrich","Dittrich","Germany",1950,FALSE,FALSE,TRUE,FALSE,FALSE,FALSE,1,FALSE,2007-09-01,2019-09-26,NA,NA,2007-09-01,2019-09-26,NA,NA,NA,NA
"J:0319","Johannes Christoph Laitenberger","Johannes Christoph","Laitenberger","Laitenberger","Laitenberger","Laitenberger","Germany",1964,FALSE,FALSE,TRUE,FALSE,FALSE,TRUE,1,FALSE,2019-09-26,NA,NA,NA,2019-09-26,NA,NA,NA,NA,NA
"J:0320","Gabriele Steinfatt","Gabriele","Steinfatt","Steinfatt","Steinfatt","Steinfatt","Germany",1977,TRUE,FALSE,TRUE,FALSE,FALSE,TRUE,1,FALSE,2019-09-26,NA,NA,NA,2019-09-26,NA,NA,NA,NA,NA
"J:0401","Massimo Pilotti","Massimo","Pilotti","Pilotti","Pilotti","Pilotti","Italy",1879,FALSE,TRUE,FALSE,FALSE,FALSE,FALSE,1,FALSE,1952-12-04,1958-10-06,1952-12-04,1958-10-06,NA,NA,NA,NA,NA,NA
"J:0402","Nicola Catalano","Nicola","Catalano","Catalano","Catalano","Catalano","Italy",1910,FALSE,TRUE,FALSE,FALSE,FALSE,FALSE,1,FALSE,1958-10-07,1962-01-01,1958-10-07,1962-01-01,NA,NA,NA,NA,NA,NA
"J:0403","Rino Rossi","Rino","Rossi","Rossi","Rossi, R.","Rossi, R.","Italy",1889,FALSE,TRUE,FALSE,FALSE,FALSE,FALSE,1,FALSE,1958-10-07,1964-10-06,1958-10-07,1964-10-06,NA,NA,NA,NA,NA,NA
"J:0404","Alberto Trabucchi","Alberto","Trabucchi","Trabucchi","Trabucchi","Trabucchi","Italy",1907,FALSE,TRUE,FALSE,FALSE,TRUE,FALSE,2,FALSE,1962-03-08,1976-10-06,1962-03-08,1972-12-12,NA,NA,NA,NA,1973-01-09,1976-10-06
"J:0405","Riccardo Monaco","Riccardo","Monaco","Monaco","Monaco","Monaco","Italy",1909,FALSE,TRUE,FALSE,FALSE,FALSE,FALSE,1,FALSE,1964-10-08,1975-10-07,1964-10-08,1975-10-07,NA,NA,NA,NA,NA,NA
"J:0406","Francesco Capotorti","Francesco","Capotorti","Capotorti","Capotorti","Capotorti","Italy",1925,FALSE,TRUE,FALSE,FALSE,TRUE,FALSE,2,FALSE,1976-01-20,1982-10-06,1976-01-20,1976-10-06,NA,NA,NA,NA,1976-10-07,1982-10-06
"J:0407","Giacinto Bosco","Giacinto","Bosco","Bosco","Bosco","Bosco","Italy",1905,FALSE,TRUE,FALSE,FALSE,FALSE,FALSE,1,FALSE,1976-10-07,1988-10-06,1976-10-07,1988-10-06,NA,NA,NA,NA,NA,NA
"J:0408","Giuseppe Federico Mancini","Giuseppe Federico","Mancini","Mancini","Mancini","Mancini","Italy",1927,FALSE,TRUE,FALSE,FALSE,TRUE,FALSE,2,FALSE,1982-10-07,1999-07-21,1988-10-07,1999-07-21,NA,NA,NA,NA,1982-10-07,1988-10-06
"J:0409","Giuseppe Tesauro","Giuseppe","Tesauro","Tesauro","Tesauro","Tesauro","Italy",1942,FALSE,FALSE,FALSE,FALSE,TRUE,FALSE,1,FALSE,1988-10-07,1998-03-04,NA,NA,NA,NA,NA,NA,1988-10-07,1998-03-04
"J:0410","Antonio Saggio","Antonio","Saggio","Saggio","Saggio","Saggio","Italy",1934,FALSE,FALSE,TRUE,FALSE,TRUE,FALSE,2,FALSE,1989-09-01,2000-10-06,NA,NA,1989-09-01,1998-03-04,NA,NA,1998-03-05,2000-10-06
"J:0411","Antonio Mario La Pergola","Antonio Mario","La Pergola","La Pergola","La Pergola","La Pergola","Italy",1931,FALSE,TRUE,FALSE,FALSE,TRUE,FALSE,2,TRUE,1994-10-07,2006-05-03,1994-10-07,2006-05-03,NA,NA,NA,NA,1995-01-01,1999-12-14
"J:0412","Paolo Mengozzi","Paolo","Mengozzi","Mengozzi","Mengozzi","Mengozzi","Italy",1938,FALSE,FALSE,TRUE,FALSE,TRUE,FALSE,2,FALSE,1998-03-04,2018-10-08,NA,NA,1998-03-04,2006-05-03,NA,NA,2006-05-04,2018-10-08
"J:0413","Antonio Tizzano","Antonio","Tizzano","Tizzano","Tizzano","Tizzano","Italy",1940,FALSE,TRUE,FALSE,FALSE,TRUE,FALSE,2,FALSE,2000-10-07,2018-10-08,2006-05-04,2018-10-08,NA,NA,NA,NA,2000-10-07,2006-05-03
"J:0414","Enzo Moavero Milanesi","Enzo","Moavero Milanesi","Moavero Milanesi","Moavero Milanesi","Moavero Milanesi","Italy",1954,FALSE,FALSE,TRUE,FALSE,FALSE,FALSE,1,FALSE,2006-05-03,2011-11-15,NA,NA,2006-05-03,2011-11-15,NA,NA,NA,NA
"J:0415","Ezio Perillo","Ezio","Perillo","Perillo","Perillo","Perillo","Italy",1950,FALSE,FALSE,TRUE,TRUE,FALSE,FALSE,2,FALSE,2011-10-06,2016-09-19,NA,NA,2016-09-19,2019-09-26,2011-10-06,2016-08-31,NA,NA
"J:0416","Guido Berardis","Guido","Berardis","Berardis","Berardis","Berardis","Italy",1950,FALSE,FALSE,TRUE,FALSE,FALSE,FALSE,1,FALSE,2012-09-07,2019-09-26,NA,NA,2012-09-07,2019-09-26,NA,NA,NA,NA
"J:0417","Giovanni Pitruzzella","Giovanni","Pitruzzella","Pitruzzella","Pitruzzella","Pitruzzella","Italy",1959,FALSE,FALSE,FALSE,FALSE,TRUE,TRUE,1,FALSE,2018-10-08,NA,NA,NA,NA,NA,NA,NA,2018-10-08,NA
"J:0418","Lucia Serena Rossi","Lucia Serena","Rossi","Rossi","Rossi, L.","Rossi, L.","Italy",1958,TRUE,TRUE,FALSE,FALSE,FALSE,TRUE,1,FALSE,2018-10-08,NA,2018-10-08,NA,NA,NA,NA,NA,NA,NA
"J:0419","Roberto Mastroianni","Roberto","Mastroianni","Mastroianni","Mastroianni","Mastroianni","Italy",1964,FALSE,FALSE,TRUE,FALSE,FALSE,TRUE,1,FALSE,2019-09-26,NA,NA,NA,2019-09-26,NA,NA,NA,NA,NA
"J:0420","Ornella Porchia","Ornella","Porchia","Porchia","Porchia","Porchia","Italy",1966,TRUE,FALSE,TRUE,FALSE,FALSE,TRUE,1,FALSE,2019-09-26,NA,NA,NA,2019-09-26,NA,NA,NA,NA,NA
"J:0501","Charles Léon Hammes","Charles Léon","Hammes","Hammes","Hammes","Hammes","Luxembourg",1898,FALSE,TRUE,FALSE,FALSE,FALSE,FALSE,1,FALSE,1952-12-04,1967-10-09,1952-12-04,1967-10-09,NA,NA,NA,NA,NA,NA
"J:0502","Pierre Pescatore","Pierre","Pescatore","Pescatore","Pescatore","Pescatore","Luxembourg",1919,FALSE,TRUE,FALSE,FALSE,FALSE,FALSE,1,FALSE,1967-10-09,1985-10-06,1967-10-09,1985-10-06,NA,NA,NA,NA,NA,NA
"J:0503","Fernand Schockweiler","Fernand","Schockweiler","Schockweiler","Schockweiler","Schockweiler","Luxembourg",1935,FALSE,TRUE,FALSE,FALSE,FALSE,FALSE,1,FALSE,1985-10-07,1996-06-01,1985-10-07,1996-06-01,NA,NA,NA,NA,NA,NA
"J:0504","Jean Mischo","Jean","Mischo","Mischo","Mischo","Mischo","Luxembourg",1938,FALSE,FALSE,FALSE,FALSE,TRUE,FALSE,1,TRUE,1986-01-13,2003-10-06,NA,NA,NA,NA,NA,NA,1986-01-13,2003-10-06
"J:0505","Romain Schintgen","Romain","Schintgen","Schintgen","Schintgen","Schintgen","Luxembourg",1939,FALSE,TRUE,TRUE,FALSE,FALSE,FALSE,2,FALSE,1989-09-25,2008-01-14,1996-07-12,2008-01-14,1989-09-25,1996-07-11,NA,NA,NA,NA
"J:0506","Marc Jaeger","Marc","Jaeger","Jaeger","Jaeger","Jaeger","Luxembourg",1954,FALSE,FALSE,TRUE,FALSE,FALSE,TRUE,1,FALSE,1996-07-11,NA,NA,NA,1996-07-11,NA,NA,NA,NA,NA
"J:0507","Jean-Jacques Kasel","Jean-Jacques","Kasel","Kasel","Kasel","Kasel","Luxembourg",1946,FALSE,TRUE,FALSE,FALSE,FALSE,FALSE,1,FALSE,2008-01-15,2013-10-06,2008-01-15,2013-10-06,NA,NA,NA,NA,NA,NA
"J:0508","François Biltgen","François","Biltgen","Biltgen","Biltgen","Biltgen","Luxembourg",1958,FALSE,TRUE,FALSE,FALSE,FALSE,TRUE,1,FALSE,2013-10-06,NA,2013-10-06,NA,NA,NA,NA,NA,NA,NA
"J:0509","Dean Spielmann","Dean","Spielmann","Spielmann","Spielmann","Spielmann","Luxembourg",1962,FALSE,FALSE,TRUE,FALSE,FALSE,TRUE,1,FALSE,2016-04-13,NA,NA,NA,2016-04-13,NA,NA,NA,NA,NA
"J:0601","Petrus Serrarens","Petrus","Serrarens","Serrarens","Serrarens","Serrarens","Netherlands",1888,FALSE,TRUE,FALSE,FALSE,FALSE,FALSE,1,FALSE,1952-12-04,1958-10-06,1952-12-04,1958-10-06,NA,NA,NA,NA,NA,NA
"J:0602","Adrianus van Kleffens","Adrianus","van Kleffens","van Kleffens","van Kleffens","van Kleffens","Netherlands",1899,FALSE,TRUE,FALSE,FALSE,FALSE,FALSE,1,FALSE,1952-12-04,1958-10-06,1952-12-04,1958-10-06,NA,NA,NA,NA,NA,NA
"J:0603","Andreas Matthias Donner","Andreas Matthias","Donner","Donner","Donner","Donner","Netherlands",1918,FALSE,TRUE,FALSE,FALSE,FALSE,FALSE,1,FALSE,1958-10-07,1979-04-01,1958-10-07,1979-04-01,NA,NA,NA,NA,NA,NA
"J:0604","Thymen Koopmans","Thymen","Koopmans","Koopmans","Koopmans","Koopmans","Netherlands",1929,FALSE,TRUE,FALSE,FALSE,FALSE,FALSE,1,FALSE,1979-04-01,1990-03-29,1979-04-01,1990-03-29,NA,NA,NA,NA,NA,NA
"J:0605","Pieter verLoren van Themaat","Pieter","verLoren van Themaat","verLoren van Themaat","verLoren van Themaat","verLoren van Themaat","Netherlands",1916,FALSE,FALSE,FALSE,FALSE,TRUE,FALSE,1,FALSE,1981-06-04,1986-01-13,NA,NA,NA,NA,NA,NA,1981-06-04,1986-01-13
"J:0606","Cornelis Paulus Briët","Cornelis Paulus","Briët","Briet","Briët","Briet","Netherlands",1944,FALSE,FALSE,TRUE,FALSE,FALSE,FALSE,1,FALSE,1989-09-01,1998-08-31,NA,NA,1989-09-01,1998-08-31,NA,NA,NA,NA
"J:0607","Paul Joan George Kapteyn","Paul Joan George","Kapteyn","Kapteyn","Kapteyn","Kapteyn","Netherlands",1928,FALSE,TRUE,FALSE,FALSE,FALSE,FALSE,1,FALSE,1990-03-29,2000-10-06,1990-03-29,2000-10-06,NA,NA,NA,NA,NA,NA
"J:0608","Arjen Meij","Arjen","Meij","Meij","Meij","Meij","Netherlands",1944,FALSE,FALSE,TRUE,FALSE,FALSE,FALSE,1,FALSE,1992-09-01,2010-08-31,NA,NA,1992-09-01,2010-08-31,NA,NA,NA,NA
"J:0609","Leendert Adrie Geelhoed","Leendert Adrie","Geelhoed","Geelhoed","Geelhoed","Geelhoed","Netherlands",1942,FALSE,FALSE,FALSE,FALSE,TRUE,FALSE,1,FALSE,2000-10-07,2006-10-06,NA,NA,NA,NA,NA,NA,2000-10-07,2006-10-06
"J:0610","Christiaan Willem Anton Timmermans","Christiaan Willem Anton","Timmermans","Timmermans","Timmermans","Timmermans","Netherlands",1941,FALSE,TRUE,FALSE,FALSE,FALSE,FALSE,1,FALSE,2000-10-07,2010-07-10,2000-10-07,2010-07-10,NA,NA,NA,NA,NA,NA
"J:0611","Alexandra Prechal","Alexandra","Prechal","Prechal","Prechal","Prechal","Netherlands",1959,TRUE,TRUE,FALSE,FALSE,FALSE,TRUE,1,FALSE,2010-07-10,NA,2010-07-10,NA,NA,NA,NA,NA,NA,NA
"J:0612","Marc van der Woude","Marc","van der Woude","van der Woude","van der Woude","van der Woude","Netherlands",1960,FALSE,FALSE,TRUE,FALSE,FALSE,TRUE,1,FALSE,2010-09-01,NA,NA,NA,2010-09-01,NA,NA,NA,NA,NA
"J:0613","René Barents","René","Barents","Barents","Barents","Barents","Netherlands",1951,FALSE,FALSE,TRUE,TRUE,FALSE,TRUE,2,FALSE,2011-10-06,NA,NA,NA,2016-09-01,NA,2011-10-06,2016-08-31,NA,NA
"J:0701","Max Sørensen","Max","Sørensen","Sorensen","Sørensen","Sorensen","Denmark",1913,FALSE,TRUE,FALSE,FALSE,FALSE,FALSE,1,FALSE,1973-01-01,1979-10-06,1973-01-01,1979-10-06,NA,NA,NA,NA,NA,NA
"J:0702","Ole Due","Ole","Due","Due","Due","Due","Denmark",1931,FALSE,TRUE,FALSE,FALSE,FALSE,FALSE,1,FALSE,1979-10-07,1994-10-06,1979-10-07,1994-10-06,NA,NA,NA,NA,NA,NA
"J:0703","Bo Vesterdorf","Bo","Vesterdorf","Vesterdorf","Vesterdorf","Vesterdorf","Denmark",1945,FALSE,FALSE,TRUE,FALSE,FALSE,FALSE,1,FALSE,1989-09-01,2007-09-17,NA,NA,1989-09-01,2007-09-17,NA,NA,NA,NA
"J:0704","Claus Christian Gulmann","Claus Christian","Gulmann","Gulmann","Gulmann","Gulmann","Denmark",1942,FALSE,TRUE,FALSE,FALSE,TRUE,FALSE,2,FALSE,1991-10-07,2006-01-10,1994-10-07,2006-01-10,NA,NA,NA,NA,1991-10-07,1994-10-06
"J:0705","Michael Bendik Elmer","Michael Bendik","Elmer","Elmer","Elmer","Elmer","Denmark",1949,FALSE,FALSE,FALSE,FALSE,TRUE,FALSE,1,FALSE,1994-10-07,1997-12-18,NA,NA,NA,NA,NA,NA,1994-10-07,1997-12-18
"J:0706","Lars Bay Larsen","Lars","Bay Larsen","Bay Larsen","Bay Larsen","Bay Larsen","Denmark",1953,FALSE,TRUE,FALSE,FALSE,FALSE,TRUE,1,FALSE,2006-01-11,NA,2006-01-11,NA,NA,NA,NA,NA,NA,NA
"J:0707","Sten Frimodt Nielsen","Sten","Frimodt Nielsen","Frimodt Nielsen","Frimodt Nielsen","Frimodt Nielsen","Denmark",1963,FALSE,FALSE,TRUE,FALSE,FALSE,TRUE,1,FALSE,2007-09-17,NA,NA,NA,2007-09-17,NA,NA,NA,NA,NA
"J:0708","Jesper Svenningsen","Jesper","Svenningsen","Svenningsen","Svenningsen","Svenningsen","Denmark",1966,FALSE,FALSE,TRUE,TRUE,FALSE,TRUE,2,FALSE,2013-10-07,NA,NA,NA,2016-09-01,NA,2013-10-07,2016-08-31,NA,NA
"J:0709","Henrik Saugmandsgaard Øe","Henrik","Saugmandsgaard Øe","Saugmandsgaard Oe","Saugmandsgaard Øe","Saugmandsgaard Oe","Denmark",1964,FALSE,FALSE,FALSE,FALSE,TRUE,FALSE,1,FALSE,2015-10-07,2021-10-07,NA,NA,NA,NA,NA,NA,2015-10-07,2021-10-07
"J:0801","Cearbhall O'Dalaigh","Cearbhall","O'Dalaigh","O'Dalaigh","O'Dalaigh","O'Dalaigh","Ireland",1911,FALSE,TRUE,FALSE,FALSE,FALSE,FALSE,1,FALSE,1973-01-01,1974-12-12,1973-01-01,1974-12-12,NA,NA,NA,NA,NA,NA
"J:0802","Andreas O'Keeffe","Andreas","O'Keeffe","O'Keeffe","O'Keeffe","O'Keeffe","Ireland",1912,FALSE,TRUE,FALSE,FALSE,FALSE,FALSE,1,FALSE,1975-12-12,1984-12-31,1975-12-12,1984-12-31,NA,NA,NA,NA,NA,NA
"J:0803","Thomas Francis O'Higgins","Thomas Francis","O'Higgins","O'Higgins","O'Higgins, T.","O'Higgins, T.","Ireland",1913,FALSE,TRUE,FALSE,FALSE,FALSE,FALSE,1,FALSE,1985-01-16,1991-10-06,1985-01-16,1991-10-06,NA,NA,NA,NA,NA,NA
"J:0804","Donal Patrick Michael Barrington","Donal Patrick Michael","Barrington","Barrington","Barrington","Barrington","Ireland",1928,FALSE,FALSE,TRUE,FALSE,FALSE,FALSE,1,FALSE,1989-09-01,1996-01-10,NA,NA,1989-09-01,1996-01-10,NA,NA,NA,NA
"J:0805","John Murray","John","Murray","Murray","Murray","Murray","Ireland",1943,FALSE,TRUE,FALSE,FALSE,FALSE,FALSE,1,FALSE,1991-10-07,1999-10-09,1991-10-07,1999-10-09,NA,NA,NA,NA,NA,NA
"J:0806","Nial Fennelly","Nial","Fennelly","Fennelly","Fennelly","Fennelly","Ireland",1942,FALSE,FALSE,FALSE,FALSE,TRUE,FALSE,1,FALSE,1995-01-19,2000-10-06,NA,NA,NA,NA,NA,NA,1995-01-19,2000-10-06
"J:0807","John Cooke","John","Cooke","Cooke","Cooke","Cooke","Ireland",1944,FALSE,FALSE,TRUE,FALSE,FALSE,FALSE,1,FALSE,1996-01-10,2008-09-15,NA,NA,1996-01-10,2008-09-15,NA,NA,NA,NA
"J:0808","Fidelma O'Kelly Macken","Fidelma","O'Kelly Macken","O'Kelly Macken","O'Kelly Macken","O'Kelly Macken","Ireland",1942,TRUE,TRUE,FALSE,FALSE,FALSE,FALSE,1,FALSE,1999-10-06,2004-10-13,1999-10-06,2004-10-13,NA,NA,NA,NA,NA,NA
"J:0809","Aindrias Ó Caoimh","Aindrias","Ó Caoimh","O Caoimh","Ó Caoimh","O Caoimh","Ireland",1950,FALSE,TRUE,FALSE,FALSE,FALSE,FALSE,1,FALSE,2004-10-13,2015-10-06,2004-10-13,2015-10-06,NA,NA,NA,NA,NA,NA
"J:0810","Kevin O'Higgins","Kevin","O'Higgins","O'Higgins","O'Higgins, K.","O'Higgins, K.","Ireland",1946,FALSE,FALSE,TRUE,FALSE,FALSE,FALSE,1,FALSE,2008-09-15,2013-08-31,NA,NA,2008-09-15,2013-08-31,NA,NA,NA,NA
"J:0811","Kieran Bradley","Kieran","Bradley","Bradley","Bradley","Bradley","Ireland",1957,FALSE,FALSE,FALSE,TRUE,FALSE,FALSE,1,FALSE,2011-10-06,2016-08-31,NA,NA,NA,NA,2011-10-06,2016-08-31,NA,NA
"J:0812","Anthony Michael Collins","Anthony Michael","Collins","Collins","Collins","Collins","Ireland",1960,FALSE,FALSE,TRUE,FALSE,TRUE,TRUE,2,FALSE,2013-09-16,NA,NA,NA,2013-09-16,2021-10-07,NA,NA,2021-10-07,NA
"J:0813","Eugene Regan","Eugene","Regan","Regan","Regan","Regan","Ireland",1952,FALSE,TRUE,FALSE,FALSE,FALSE,TRUE,1,FALSE,2015-10-07,NA,2015-10-07,NA,NA,NA,NA,NA,NA,NA
"J:0814","Colm Mac Eochaidh","Colm","Mac Eochaidh","Mac Eochaidh","Mac Eochaidh","Mac Eochaidh","Ireland",1963,FALSE,FALSE,TRUE,FALSE,FALSE,TRUE,1,FALSE,2017-06-08,NA,NA,NA,2017-06-08,NA,NA,NA,NA,NA
"J:0815","Gerard Hogan","Gerard","Hogan","Hogan","Hogan","Hogan","Ireland",1958,FALSE,FALSE,FALSE,FALSE,TRUE,FALSE,1,FALSE,2018-10-08,2021-10-07,NA,NA,NA,NA,NA,NA,2018-10-08,2021-10-07
"J:0901","Alexander Mackenzie Stuart","Alexander","Mackenzie Stuart","Mackenzie Stuart","Mackenzie Stuart","Mackenzie Stuart","United Kingdom",1924,FALSE,TRUE,FALSE,FALSE,FALSE,FALSE,1,FALSE,1973-01-01,1988-10-06,1973-01-01,1988-10-06,NA,NA,NA,NA,NA,NA
"J:0902","Jean-Pierre Warner","Jean-Pierre","Warner","Warner","Warner","Warner","United Kingdom",1924,FALSE,FALSE,FALSE,FALSE,TRUE,FALSE,1,FALSE,1973-01-09,1981-02-26,NA,NA,NA,NA,NA,NA,1973-01-09,1981-02-26
"J:0903","Gordon Slynn","Gordon","Slynn","Slynn","Slynn","Slynn","United Kingdom",1930,FALSE,TRUE,FALSE,FALSE,TRUE,FALSE,2,FALSE,1981-02-26,1992-03-10,1988-10-07,1992-03-10,NA,NA,NA,NA,1981-02-26,1988-10-06
"J:0904","Francis Geoffrey Jacobs","Francis Geoffrey","Jacobs","Jacobs","Jacobs","Jacobs","United Kingdom",1939,FALSE,FALSE,FALSE,FALSE,TRUE,FALSE,1,FALSE,1988-10-07,2006-01-10,NA,NA,NA,NA,NA,NA,1988-10-07,2006-01-10
"J:0905","David Alexander Ogilvy Edward","David Alexander Ogilvy","Edward","Edward","Edward","Edward","United Kingdom",1934,FALSE,TRUE,TRUE,FALSE,FALSE,FALSE,2,FALSE,1989-09-25,2004-01-07,1992-03-10,2004-01-07,1989-09-25,1992-03-09,NA,NA,NA,NA
"J:0906","Christopher William Bellamy","Christopher William","Bellamy","Bellamy","Bellamy","Bellamy","United Kingdom",1946,FALSE,FALSE,TRUE,FALSE,FALSE,FALSE,1,FALSE,1992-03-10,1999-12-15,NA,NA,1992-03-10,1999-12-15,NA,NA,NA,NA
"J:0907","Nicholas James Forwood","Nicholas James","Forwood","Forwood","Forwood","Forwood","United Kingdom",1948,FALSE,FALSE,TRUE,FALSE,FALSE,FALSE,1,FALSE,1999-12-02,2015-10-01,NA,NA,1999-12-02,2015-10-01,NA,NA,NA,NA
"J:0908","Konrad Hermann Theodor Schiemann","Konrad Hermann Theodor","Schiemann","Schiemann","Schiemann","Schiemann","United Kingdom",1937,FALSE,TRUE,FALSE,FALSE,FALSE,FALSE,1,FALSE,2004-01-01,2012-10-06,2004-01-01,2012-10-06,NA,NA,NA,NA,NA,NA
"J:0909","Paul John Mahoney","Paul John","Mahoney","Mahoney","Mahoney","Mahoney","United Kingdom",1946,FALSE,FALSE,FALSE,TRUE,FALSE,FALSE,1,FALSE,2005-10-06,2011-10-06,NA,NA,NA,NA,2005-10-06,2011-10-06,NA,NA
"J:0910","Eleanor Sharpston","Eleanor","Sharpston","Sharpston","Sharpston","Sharpston","United Kingdom",1955,TRUE,FALSE,FALSE,FALSE,TRUE,FALSE,1,FALSE,2006-01-11,2020-09-10,NA,NA,NA,NA,NA,NA,2006-01-11,2020-09-10
"J:0911","Christopher Vajda","Christopher","Vajda","Vajda","Vajda","Vajda","United Kingdom",1955,FALSE,TRUE,FALSE,FALSE,FALSE,FALSE,1,FALSE,2012-10-07,2020-01-31,2012-10-07,2020-01-31,NA,NA,NA,NA,NA,NA
"J:0912","Ian Stewart Forrester","Ian Stewart","Forrester","Forrester","Forrester","Forrester","United Kingdom",1945,FALSE,FALSE,TRUE,FALSE,FALSE,FALSE,1,FALSE,2015-10-01,2020-01-31,NA,NA,2015-10-01,2020-01-31,NA,NA,NA,NA
"J:1001","Alexandros Chloros","Alexandros","Chloros","Chloros","Chloros","Chloros","Greece",1926,FALSE,TRUE,FALSE,FALSE,FALSE,FALSE,1,FALSE,1981-01-01,1982-11-16,1981-01-01,1982-11-16,NA,NA,NA,NA,NA,NA
"J:1002","Constantinos Kakouris","Constantinos","Kakouris","Kakouris","Kakouris","Kakouris","Greece",1919,FALSE,TRUE,FALSE,FALSE,FALSE,FALSE,1,FALSE,1983-02-16,1997-10-06,1983-02-16,1997-10-06,NA,NA,NA,NA,NA,NA
"J:1003","Christos Yeraris","Christos","Yeraris","Yeraris","Yeraris","Yeraris","Greece",1938,FALSE,FALSE,TRUE,FALSE,FALSE,FALSE,1,FALSE,1989-09-01,1992-08-31,NA,NA,1989-09-01,1992-08-31,NA,NA,NA,NA
"J:1004","Andreas Kalogeropoulos","Andreas","Kalogeropoulos","Kalogeropoulos","Kalogeropoulos","Kalogeropoulos","Greece",1944,FALSE,FALSE,TRUE,FALSE,FALSE,FALSE,1,FALSE,1992-09-18,1998-08-31,NA,NA,1992-09-18,1998-08-31,NA,NA,NA,NA
"J:1005","Georges Cosmas","Georges","Cosmas","Cosmas","Cosmas","Cosmas","Greece",1932,FALSE,FALSE,FALSE,FALSE,TRUE,FALSE,1,FALSE,1994-10-07,2000-10-06,NA,NA,NA,NA,NA,NA,1994-10-07,2000-10-06
"J:1006","Krateros Ioannou","Krateros","Ioannou","Ioannou","Ioannou","Ioannou","Greece",1935,FALSE,TRUE,FALSE,FALSE,FALSE,FALSE,1,FALSE,1997-10-07,1999-03-10,1997-10-07,1999-03-10,NA,NA,NA,NA,NA,NA
"J:1007","Michail Vilaras","Michail","Vilaras","Vilaras","Vilaras","Vilaras","Greece",1950,FALSE,TRUE,TRUE,FALSE,FALSE,FALSE,2,TRUE,1998-09-01,2021-10-07,2015-10-07,2021-10-07,1998-09-01,2010-09-01,NA,NA,NA,NA
"J:1008","Vassilios Skouris","Vassilios","Skouris","Skouris","Skouris","Skouris","Greece",1948,FALSE,TRUE,FALSE,FALSE,FALSE,FALSE,1,FALSE,1999-05-26,2015-10-06,1999-05-26,2015-10-06,NA,NA,NA,NA,NA,NA
"J:1009","Haris Tagaras","Haris","Tagaras","Tagaras","Tagaras","Tagaras","Greece",1955,FALSE,FALSE,FALSE,TRUE,FALSE,FALSE,1,FALSE,2005-10-06,2011-10-06,NA,NA,NA,NA,2005-10-06,2011-10-06,NA,NA
"J:1010","Dimitrios Gratsias","Dimitrios","Gratsias","Gratsias","Gratsias","Gratsias","Greece",1957,FALSE,TRUE,TRUE,FALSE,FALSE,TRUE,2,FALSE,2010-10-25,NA,2021-10-07,NA,2010-10-25,2021-10-07,NA,NA,NA,NA
"J:1011","Constantinos Iliopoulos","Constantinos","Iliopoulos","Iliopoulos","Iliopoulos","Iliopoulos","Greece",1948,FALSE,FALSE,TRUE,FALSE,FALSE,TRUE,1,FALSE,2016-04-13,NA,NA,NA,2016-04-13,NA,NA,NA,NA,NA
"J:1012","Athanasios Rantos","Athanasios","Rantos","Rantos","Rantos","Rantos","Greece",1953,FALSE,FALSE,FALSE,FALSE,TRUE,TRUE,1,FALSE,2020-09-10,NA,NA,NA,NA,NA,NA,NA,2020-09-10,NA
"J:1101","José Luis da Cruz Vilaça","José Luis","da Cruz Vilaça","da Cruz Vilaca","da Cruz Vilaça","da Cruz Vilaca","Portugal",1944,FALSE,TRUE,TRUE,FALSE,TRUE,FALSE,3,TRUE,1986-01-01,2018-10-08,2012-10-08,2018-10-08,1989-09-01,1995-08-31,NA,NA,1986-01-01,1988-10-06
"J:1102","José Carlos de Carvalho Moitinho de Almeida","José Carlos","de Carvalho Moitinho de Almeida","de Carvalho Moitinho de Almeida","de Carvalho Moitinho de Almeida","de Carvalho Moitinho de Almeida","Portugal",1936,FALSE,TRUE,FALSE,FALSE,FALSE,FALSE,1,FALSE,1986-01-01,2000-10-06,1986-01-01,2000-10-06,NA,NA,NA,NA,NA,NA
"J:1103","Rui Manuel Gens de Moura Ramos","Rui Manuel","Gens de Moura Ramos","Gens de Moura Ramos","Gens de Moura Ramos","Gens de Moura Ramos","Portugal",1950,FALSE,FALSE,TRUE,FALSE,FALSE,FALSE,1,FALSE,1995-09-18,2003-03-31,NA,NA,1995-09-18,2003-03-31,NA,NA,NA,NA
"J:1104","José Narciso da Cunha Rodrigues","José Narciso","da Cunha Rodrigues","da Cunha Rodrigues","da Cunha Rodrigues","da Cunha Rodrigues","Portugal",1940,FALSE,TRUE,FALSE,FALSE,FALSE,FALSE,1,FALSE,2000-10-07,2012-10-06,2000-10-07,2012-10-06,NA,NA,NA,NA,NA,NA
"J:1105","Maria Eugénia Martins de Nazaré Ribeiro","Maria Eugénia","Martins de Nazaré Ribeiro","Martins de Nazare Ribeiro","Martins de Nazaré Ribeiro","Martins de Nazare Ribeiro","Portugal",1956,TRUE,FALSE,TRUE,FALSE,FALSE,FALSE,1,FALSE,2003-04-01,2016-08-31,NA,NA,2003-04-01,2016-08-31,NA,NA,NA,NA
"J:1106","Luís Miguel Poiares Pessoa Maduro","Luís Miguel","Poiares Pessoa Maduro","Poiares Pessoa Maduro","Poiares Pessoa Maduro","Poiares Pessoa Maduro","Portugal",1967,FALSE,FALSE,FALSE,FALSE,TRUE,FALSE,1,FALSE,2003-10-07,2009-10-06,NA,NA,NA,NA,NA,NA,2003-10-07,2009-10-06
"J:1107","João Sant'Anna","João","Sant'Anna","Sant'Anna","Sant'Anna","Sant'Anna","Portugal",1957,FALSE,FALSE,FALSE,TRUE,FALSE,FALSE,1,FALSE,2016-04-13,2016-08-31,NA,NA,NA,NA,2016-04-13,2016-08-31,NA,NA
"J:1108","Maria José Costeira","Maria José","Costeira","Costeira","Costeira","Costeira","Portugal",1967,TRUE,FALSE,TRUE,FALSE,FALSE,TRUE,1,FALSE,2016-09-19,NA,NA,NA,2016-09-19,NA,NA,NA,NA,NA
"J:1109","Ricardo da Silva Passos","Ricardo","da Silva Passos","da Silva Passos","da Silva Passos","da Silva Passos","Portugal",1953,FALSE,FALSE,TRUE,FALSE,FALSE,TRUE,1,FALSE,2016-09-19,NA,NA,NA,2016-09-19,NA,NA,NA,NA,NA
"J:1110","Nuno José Cardoso da Silva Piçarra","Nuno José","Cardoso da Silva Piçarra","Cardoso da Silva Picarra","Cardoso da Silva Piçarra","Cardoso da Silva Picarra","Portugal",1957,FALSE,TRUE,FALSE,FALSE,FALSE,TRUE,1,FALSE,2018-10-07,NA,2018-10-07,NA,NA,NA,NA,NA,NA,NA
"J:1201","Gil Carlos Rodrìguez Iglesias","Gil Carlos","Rodrìguez Iglesias","Rodriguez Iglesias","Rodrìguez Iglesias","Rodriguez Iglesias","Spain",1946,FALSE,TRUE,FALSE,FALSE,FALSE,FALSE,1,FALSE,1986-01-01,2003-10-06,1986-01-01,2003-10-06,NA,NA,NA,NA,NA,NA
"J:1202","Manuel Diez de Velasco","Manuel","Diez de Velasco","Diez de Velasco","Diez de Velasco","Diez de Velasco","Spain",1926,FALSE,TRUE,FALSE,FALSE,FALSE,FALSE,1,FALSE,1988-10-07,1994-10-06,1988-10-07,1994-10-06,NA,NA,NA,NA,NA,NA
"J:1203","Rafael García-Valdecasas y Fernández","Rafael","García-Valdecasas y Fernández","Garcia-Valdecasas y Fernandez","García-Valdecasas y Fernández","Garcia-Valdecasas y Fernandez","Spain",1946,FALSE,FALSE,TRUE,FALSE,FALSE,FALSE,1,FALSE,1989-09-01,2007-08-31,NA,NA,1989-09-01,2007-08-31,NA,NA,NA,NA
"J:1204","Dámaso Ruiz-Jarabo Colomer","Dámaso","Ruiz-Jarabo Colomer","Ruiz-Jarabo Colomer","Ruiz-Jarabo Colomer","Ruiz-Jarabo Colomer","Spain",1949,FALSE,FALSE,FALSE,FALSE,TRUE,FALSE,1,FALSE,1995-01-19,2009-11-12,NA,NA,NA,NA,NA,NA,1995-01-19,2009-11-12
"J:1205","Rosario Silva de Lapuerta","Rosario","Silva de Lapuerta","Silva de Lapuerta","Silva de Lapuerta","Silva de Lapuerta","Spain",1954,TRUE,TRUE,FALSE,FALSE,FALSE,FALSE,1,FALSE,2003-10-07,2021-10-07,2003-10-07,2021-10-07,NA,NA,NA,NA,NA,NA
"J:1206","Santiago Soldevila Fragoso","Santiago","Soldevila Fragoso","Soldevila Fragoso","Soldevila Fragoso","Soldevila Fragoso","Spain",1960,FALSE,FALSE,TRUE,FALSE,FALSE,FALSE,1,FALSE,2007-09-01,2013-08-31,NA,NA,2007-09-01,2013-08-31,NA,NA,NA,NA
"J:1207","Maria Isabel Rofes i Pujol","Maria Isabel","Rofes i Pujol","Rofes i Pujol","Rofes i Pujol","Rofes i Pujol","Spain",1956,TRUE,FALSE,FALSE,TRUE,FALSE,FALSE,1,FALSE,2009-10-07,2016-04-13,NA,NA,NA,NA,2009-10-07,2016-04-13,NA,NA
"J:1208","Pedro Cruz Villalón","Pedro","Cruz Villalón","Cruz Villalon","Cruz Villalón","Cruz Villalon","Spain",1946,FALSE,FALSE,FALSE,FALSE,TRUE,FALSE,1,FALSE,2009-12-14,2015-10-07,NA,NA,NA,NA,NA,NA,2009-12-14,2015-10-07
"J:1209","Ignacio Ulloa Rubio","Ignacio","Ulloa Rubio","Ulloa Rubio","Ulloa Rubio","Ulloa Rubio","Spain",1967,FALSE,FALSE,TRUE,FALSE,FALSE,FALSE,1,FALSE,2013-09-01,2019-09-26,NA,NA,2013-09-01,2019-09-26,NA,NA,NA,NA
"J:1210","Manuel Campos Sánchez-Bordona","Manuel","Campos Sánchez-Bordona","Campos Sanchez-Bordona","Campos Sánchez-Bordona","Campos Sanchez-Bordona","Spain",1950,FALSE,FALSE,FALSE,FALSE,TRUE,TRUE,1,FALSE,2015-10-07,NA,NA,NA,NA,NA,NA,NA,2015-10-07,NA
"J:1211","Leopoldo Calvo-Sotelo Ibáñez-Martín","Leopoldo","Calvo-Sotelo Ibáñez-Martín","Calvo-Sotelo Ibanez-Martin","Calvo-Sotelo Ibáñez-Martín","Calvo-Sotelo Ibanez-Martin","Spain",1957,FALSE,FALSE,TRUE,FALSE,FALSE,FALSE,1,FALSE,2016-04-13,2019-09-26,NA,NA,2016-04-13,2019-09-26,NA,NA,NA,NA
"J:1212","José Martín y Pérez de Nanclares","José","Martín y Pérez de Nanclares","Martin y Perez de Nanclares","Martín y Pérez de Nanclares","Martin y Perez de Nanclares","Spain",1965,FALSE,FALSE,TRUE,FALSE,FALSE,TRUE,1,FALSE,2019-09-26,NA,NA,NA,2019-09-26,NA,NA,NA,NA,NA
"J:1213","Miguel Sampol Pucurull","Miguel","Sampol Pucurull","Sampol Pucurull","Sampol Pucurull","Sampol Pucurull","Spain",1974,FALSE,FALSE,TRUE,FALSE,FALSE,TRUE,1,FALSE,2019-09-26,NA,NA,NA,2019-09-26,NA,NA,NA,NA,NA
"J:1214","Maria Lourdes Arastey Sahún","Maria","Lourdes Arastey Sahún","Lourdes Arastey Sahun","Lourdes Arastey Sahún","Lourdes Arastey Sahun","Spain",1959,TRUE,TRUE,FALSE,FALSE,FALSE,TRUE,1,FALSE,2021-10-07,NA,2021-10-07,NA,NA,NA,NA,NA,NA,NA
"J:1301","Josef Azizi","Josef","Azizi","Azizi","Azizi","Azizi","Austria",1948,FALSE,FALSE,TRUE,FALSE,FALSE,FALSE,1,FALSE,1995-01-01,2013-09-01,NA,NA,1995-01-01,2013-09-01,NA,NA,NA,NA
"J:1302","Peter Jann","Peter","Jann","Jann","Jann","Jann","Austria",1935,FALSE,TRUE,FALSE,FALSE,FALSE,FALSE,1,FALSE,1995-01-01,2009-10-06,1995-01-01,2009-10-06,NA,NA,NA,NA,NA,NA
"J:1303","Christine Stix-Hackl","Christine","Stix-Hackl","Stix-Hackl","Stix-Hackl","Stix-Hackl","Austria",1957,TRUE,FALSE,FALSE,FALSE,TRUE,FALSE,1,FALSE,2000-10-07,2006-10-06,NA,NA,NA,NA,NA,NA,2000-10-07,2006-10-06
"J:1304","Maria Berger","Maria","Berger","Berger","Berger","Berger","Austria",1956,TRUE,TRUE,FALSE,FALSE,FALSE,FALSE,1,FALSE,2009-10-07,2019-03-20,2009-10-07,2019-03-20,NA,NA,NA,NA,NA,NA
"J:1305","Viktor Kreuschitz","Viktor","Kreuschitz","Kreuschitz","Kreuschitz","Kreuschitz","Austria",1952,FALSE,FALSE,TRUE,FALSE,FALSE,TRUE,1,FALSE,2013-09-01,NA,NA,NA,2013-09-01,NA,NA,NA,NA,NA
"J:1306","Andreas Kumin","Andreas","Kumin","Kumin","Kumin","Kumin","Austria",1965,FALSE,TRUE,FALSE,FALSE,FALSE,TRUE,1,FALSE,2019-03-20,NA,2019-03-20,NA,NA,NA,NA,NA,NA,NA
"J:1307","Gerhard Hesse","Gerhard","Hesse","Hesse","Hesse","Hesse","Austria",1970,FALSE,FALSE,TRUE,FALSE,FALSE,TRUE,1,FALSE,2019-09-26,NA,NA,NA,2019-09-26,NA,NA,NA,NA,NA
"J:1401","Leif Sevón","Leif","Sevón","Sevon","Sevón","Sevon","Finland",1941,FALSE,TRUE,FALSE,FALSE,FALSE,FALSE,1,FALSE,1995-01-01,2002-01-16,1995-01-01,2002-01-16,NA,NA,NA,NA,NA,NA
"J:1402","Virpi Tiili","Virpi","Tiili","Tiili","Tiili","Tiili","Finland",1942,TRUE,FALSE,TRUE,FALSE,FALSE,FALSE,1,FALSE,1995-01-01,2009-09-01,NA,NA,1995-01-01,2009-09-01,NA,NA,NA,NA
"J:1403","Allan Rosas","Allan","Rosas","Rosas","Rosas","Rosas","Finland",1948,FALSE,TRUE,FALSE,FALSE,FALSE,FALSE,1,FALSE,2002-01-17,2019-10-07,2002-01-17,2019-10-07,NA,NA,NA,NA,NA,NA
"J:1404","Heikki Kanninen","Heikki","Kanninen","Kanninen","Kanninen","Kanninen","Finland",1952,FALSE,FALSE,TRUE,TRUE,FALSE,TRUE,2,FALSE,2005-10-06,NA,NA,NA,2009-09-01,NA,2005-10-06,2009-10-06,NA,NA
"J:1405","Niilo Jääskinen","Niilo","Jääskinen","Jaaskinen","Jääskinen","Jaaskinen","Finland",1958,FALSE,TRUE,FALSE,FALSE,TRUE,TRUE,2,TRUE,2009-10-07,NA,2019-10-07,NA,NA,NA,NA,NA,2009-10-07,2015-10-07
"J:1406","Tuula Riitta Pynnä","Tuula Riitta","Pynnä","Pynna","Pynnä","Pynna","Finland",1958,TRUE,FALSE,TRUE,FALSE,FALSE,TRUE,1,FALSE,2019-09-26,NA,NA,NA,2019-09-26,NA,NA,NA,NA,NA
"J:1501","Hans Ragnemalm","Hans","Ragnemalm","Ragnemalm","Ragnemalm","Ragnemalm","Sweden",1940,FALSE,TRUE,FALSE,FALSE,FALSE,FALSE,1,FALSE,1995-01-01,2000-10-06,1995-01-01,2000-10-06,NA,NA,NA,NA,NA,NA
"J:1502","Pernilla Lindh","Pernilla","Lindh","Lindh","Lindh","Lindh","Sweden",1945,TRUE,TRUE,TRUE,FALSE,FALSE,FALSE,2,FALSE,1995-01-18,2011-10-06,2006-10-07,2011-10-06,1995-01-18,2006-10-06,NA,NA,NA,NA
"J:1503","Stig von Bahr","Stig","von Bahr","von Bahr","von Bahr","von Bahr","Sweden",1939,FALSE,TRUE,FALSE,FALSE,FALSE,FALSE,1,FALSE,2000-10-08,2006-10-06,2000-10-08,2006-10-06,NA,NA,NA,NA,NA,NA
"J:1504","Nils Wahl","Nils","Wahl","Wahl","Wahl","Wahl","Sweden",1961,FALSE,TRUE,TRUE,FALSE,TRUE,TRUE,3,TRUE,2006-10-06,NA,2019-10-07,NA,2006-10-06,2012-11-28,NA,NA,2012-11-28,2019-02-06
"J:1505","Carl Gustav Fernlund","Carl Gustav","Fernlund","Fernlund","Fernlund","Fernlund","Sweden",1950,FALSE,TRUE,FALSE,FALSE,FALSE,FALSE,1,FALSE,2011-10-06,2019-10-07,2011-10-06,2019-10-07,NA,NA,NA,NA,NA,NA
"J:1506","Carl Wetter","Carl","Wetter","Wetter","Wetter","Wetter","Sweden",1949,FALSE,FALSE,TRUE,FALSE,FALSE,FALSE,1,FALSE,2013-03-18,2016-09-19,NA,NA,2013-03-18,2016-09-19,NA,NA,NA,NA
"J:1507","Fredrik Schalin","Fredrik","Schalin","Schalin","Schalin","Schalin","Sweden",1964,FALSE,FALSE,TRUE,FALSE,FALSE,TRUE,1,FALSE,2016-06-08,NA,NA,NA,2016-06-08,NA,NA,NA,NA,NA
"J:1508","Ulf Christophe Öberg","Ulf Christophe","Öberg","Oberg","Öberg","Oberg","Sweden",1966,FALSE,FALSE,TRUE,FALSE,FALSE,TRUE,1,FALSE,2016-09-19,NA,NA,NA,2016-09-19,NA,NA,NA,NA,NA
"J:1601","George Arestis","George","Arestis","Arestis","Arestis","Arestis","Cyprus",1945,FALSE,TRUE,FALSE,FALSE,FALSE,FALSE,1,FALSE,2004-05-01,2014-10-06,2004-05-01,2014-10-06,NA,NA,NA,NA,NA,NA
"J:1602","Savvas Papasavvas","Savvas","Papasavvas","Papasavvas","Papasavvas","Papasavvas","Cyprus",1969,FALSE,FALSE,TRUE,FALSE,FALSE,TRUE,1,FALSE,2004-05-01,NA,NA,NA,2004-05-01,NA,NA,NA,NA,NA
"J:1603","Constantinos Lycourgos","Constantinos","Lycourgos","Lycourgos","Lycourgos","Lycourgos","Cyprus",1964,FALSE,TRUE,FALSE,FALSE,FALSE,TRUE,1,FALSE,2014-10-07,NA,2014-10-07,NA,NA,NA,NA,NA,NA,NA
"J:1604","Anna Marcoulli","Anna","Marcoulli","Marcoulli","Marcoulli","Marcoulli","Cyprus",1978,TRUE,FALSE,TRUE,FALSE,FALSE,TRUE,1,FALSE,2016-04-13,NA,NA,NA,2016-04-13,NA,NA,NA,NA,NA
"J:1605","Nicholas Emiliou","Nicholas","Emiliou","Emiliou","Emiliou","Emiliou","Cyprus",1963,FALSE,FALSE,FALSE,FALSE,TRUE,TRUE,1,FALSE,2021-10-07,NA,NA,NA,NA,NA,NA,NA,2021-10-07,NA
"J:1701","Jiří Malenovský","Jiří","Malenovský","Malenovsky","Malenovský","Malenovsky","Czech Republic",1950,FALSE,TRUE,FALSE,FALSE,FALSE,FALSE,1,FALSE,2004-05-01,2020-10-06,2004-05-01,2020-10-06,NA,NA,NA,NA,NA,NA
"J:1702","Irena Pelikánová","Irena","Pelikánová","Pelikanova","Pelikánová","Pelikanova","Czech Republic",1949,TRUE,FALSE,TRUE,FALSE,FALSE,FALSE,1,FALSE,2004-05-01,2019-09-26,NA,NA,2004-05-01,2019-09-26,NA,NA,NA,NA
"J:1703","Michal Bobek","Michal","Bobek","Bobek","Bobek","Bobek","Czech Republic",1977,FALSE,FALSE,FALSE,FALSE,TRUE,FALSE,1,FALSE,2015-10-07,2021-10-07,NA,NA,NA,NA,NA,NA,2015-10-07,2021-10-07
"J:1704","Jan Passer","Jan","Passer","Passer","Passer","Passer","Czech Republic",1974,FALSE,TRUE,TRUE,FALSE,FALSE,TRUE,2,FALSE,2016-09-19,NA,2020-10-06,NA,2016-09-19,2020-10-06,NA,NA,NA,NA
"J:1705","Petra Škvařilová-Pelzl","Petra","Škvařilová-Pelzl","Skvarilova-Pelzl","Škvařilová-Pelzl","Skvarilova-Pelzl","Czech Republic",1975,TRUE,FALSE,TRUE,FALSE,FALSE,TRUE,1,FALSE,2019-09-26,NA,NA,NA,2019-09-26,NA,NA,NA,NA,NA
"J:1706","David Petrlík","David","Petrlík","Petrlik","Petrlík","Petrlik","Czech Republic",1978,FALSE,FALSE,TRUE,FALSE,FALSE,TRUE,1,FALSE,2021-03-01,NA,NA,NA,2021-03-01,NA,NA,NA,NA,NA
"J:1801","Uno Lõhmus","Uno","Lõhmus","Lohmus","Lõhmus","Lohmus","Estonia",1952,FALSE,TRUE,FALSE,FALSE,FALSE,FALSE,1,FALSE,2004-05-01,2013-10-06,2004-05-01,2013-10-06,NA,NA,NA,NA,NA,NA
"J:1802","Küllike Jürimäe","Küllike","Jürimäe","Jurimae","Jürimäe","Jurimae","Estonia",1962,TRUE,TRUE,TRUE,FALSE,FALSE,TRUE,2,FALSE,2004-05-12,NA,2013-10-23,NA,2004-05-12,2013-10-23,NA,NA,NA,NA
"J:1803","Lauri Madise","Lauri","Madise","Madise","Madise","Madise","Estonia",1974,FALSE,FALSE,TRUE,FALSE,FALSE,TRUE,1,FALSE,2013-10-06,NA,NA,NA,2013-10-06,NA,NA,NA,NA,NA
"J:1804","Priit Pikamäe","Priit","Pikamäe","Pikamae","Pikamäe","Pikamae","Estonia",1973,FALSE,FALSE,FALSE,FALSE,TRUE,TRUE,1,FALSE,2019-02-06,NA,NA,NA,NA,NA,NA,NA,2019-02-06,NA
"J:1805","Iko Nõmm","Iko","Nõmm","Nomm","Nõmm","Nomm","Estonia",1977,FALSE,FALSE,TRUE,FALSE,FALSE,TRUE,1,FALSE,2019-09-26,NA,NA,NA,2019-09-26,NA,NA,NA,NA,NA
"J:1901","Ottó Czúcz","Ottó","Czúcz","Czucz","Czúcz","Czucz","Hungary",1946,FALSE,FALSE,TRUE,FALSE,FALSE,FALSE,1,FALSE,2004-05-01,2016-08-31,NA,NA,2004-05-01,2016-08-31,NA,NA,NA,NA
"J:1902","Endre Juhász","Endre","Juhász","Juhasz","Juhász","Juhasz","Hungary",1944,FALSE,TRUE,FALSE,FALSE,FALSE,FALSE,1,FALSE,2004-05-11,2021-10-07,2004-05-11,2021-10-07,NA,NA,NA,NA,NA,NA
"J:1903","Zoltán Csehi","Zoltán","Csehi","Csehi","Csehi","Csehi","Hungary",1965,FALSE,TRUE,TRUE,FALSE,FALSE,TRUE,2,FALSE,2016-04-13,NA,2021-10-07,NA,2016-04-13,2021-10-07,NA,NA,NA,NA
"J:1904","Barna Berke","Barna","Berke","Berke","Berke","Berke","Hungary",1966,FALSE,FALSE,TRUE,FALSE,FALSE,FALSE,1,FALSE,2016-09-19,2021-08-01,NA,NA,2016-09-19,2021-08-01,NA,NA,NA,NA
"J:2001","Ingrida Labucka","Ingrida","Labucka","Labucka","Labucka","Labucka","Latvia",1963,TRUE,FALSE,TRUE,FALSE,FALSE,FALSE,1,FALSE,2004-05-01,2020-02-25,NA,NA,2004-05-01,2020-02-25,NA,NA,NA,NA
"J:2002","Egils Levits","Egils","Levits","Levits","Levits","Levits","Latvia",1955,FALSE,TRUE,FALSE,FALSE,FALSE,FALSE,1,FALSE,2004-05-01,2019-06-17,2004-05-01,2019-06-17,NA,NA,NA,NA,NA,NA
"J:2003","Inga Reine","Inga","Reine","Reine","Reine","Reine","Latvia",1975,TRUE,FALSE,TRUE,FALSE,FALSE,TRUE,1,FALSE,2016-06-08,NA,NA,NA,2016-06-08,NA,NA,NA,NA,NA
"J:2004","Pēteris Zilgalvis","Pēteris","Zilgalvis","Zilgalvis","Zilgalvis","Zilgalvis","Latvia",1964,FALSE,FALSE,TRUE,FALSE,FALSE,TRUE,1,FALSE,2021-09-27,NA,NA,NA,2021-09-27,NA,NA,NA,NA,NA
"J:2005","Laila Medina","Laila","Medina","Medina","Medina","Medina","Latvia",1971,TRUE,FALSE,FALSE,FALSE,TRUE,TRUE,1,FALSE,2021-10-07,NA,NA,NA,NA,NA,NA,NA,2021-10-07,NA
"J:2006","Ineta Ziemele","Ineta","Ziemele","Ziemele","Ziemele","Ziemele","Latvia",1970,TRUE,TRUE,FALSE,FALSE,FALSE,TRUE,1,FALSE,2021-10-07,NA,2021-10-07,NA,NA,NA,NA,NA,NA,NA
"J:2101","Pranas Kūris","Pranas","Kūris","Kuris","Kūris","Kuris","Lithuania",1938,FALSE,TRUE,FALSE,FALSE,FALSE,FALSE,1,FALSE,2004-05-01,2012-10-06,2004-05-01,2012-10-06,NA,NA,NA,NA,NA,NA
"J:2102","Vilenas Vadapalas","Vilenas","Vadapalas","Vadapalas","Vadapalas","Vadapalas","Lithuania",1954,FALSE,FALSE,TRUE,FALSE,FALSE,FALSE,1,FALSE,2004-05-01,2013-08-31,NA,NA,2004-05-01,2013-08-31,NA,NA,NA,NA
"J:2103","Egidijus Jarašiūnas","Egidijus","Jarašiūnas","Jarasiunas","Jarašiūnas","Jarasiunas","Lithuania",1952,FALSE,TRUE,FALSE,FALSE,FALSE,FALSE,1,FALSE,2010-10-06,2018-10-08,2010-10-06,2018-10-08,NA,NA,NA,NA,NA,NA
"J:2104","Egidijus Bieliūnas","Egidijus","Bieliūnas","Bieliunas","Bieliūnas","Bieliunas","Lithuania",1950,FALSE,FALSE,TRUE,FALSE,FALSE,FALSE,1,FALSE,2013-09-01,2019-09-26,NA,NA,2013-09-01,2019-09-26,NA,NA,NA,NA
"J:2105","Virgilijus Valančius","Virgilijus","Valančius","Valancius","Valančius","Valancius","Lithuania",1963,FALSE,FALSE,TRUE,FALSE,FALSE,TRUE,1,FALSE,2016-04-13,NA,NA,NA,2016-04-13,NA,NA,NA,NA,NA
"J:2106","Irmantas Jarukaitis","Irmantas","Jarukaitis","Jarukaitis","Jarukaitis","Jarukaitis","Lithuania",1973,FALSE,TRUE,FALSE,FALSE,FALSE,TRUE,1,FALSE,2018-10-07,NA,2018-10-07,NA,NA,NA,NA,NA,NA,NA
"J:2107","Rimvydas Norkus","Rimvydas","Norkus","Norkus","Norkus","Norkus","Lithuania",1979,FALSE,FALSE,TRUE,FALSE,FALSE,TRUE,1,FALSE,2019-09-26,NA,NA,NA,2019-09-26,NA,NA,NA,NA,NA
"J:2201","Anthony Borg Barthet","Anthony","Borg Barthet","Borg Barthet","Borg Barthet","Borg Barthet","Malta",1947,FALSE,TRUE,FALSE,FALSE,FALSE,FALSE,1,FALSE,2004-05-01,2018-10-08,2004-05-01,2018-10-08,NA,NA,NA,NA,NA,NA
"J:2202","Ena Cremona","Ena","Cremona","Cremona","Cremona","Cremona","Malta",1936,TRUE,FALSE,TRUE,FALSE,FALSE,FALSE,1,FALSE,2004-05-01,2012-09-22,NA,NA,2004-05-01,2012-09-22,NA,NA,NA,NA
"J:2203","Eugène Buttigieg","Eugène","Buttigieg","Buttigieg","Buttigieg","Buttigieg","Malta",1961,FALSE,FALSE,TRUE,FALSE,FALSE,TRUE,1,FALSE,2012-09-22,NA,NA,NA,2012-09-22,NA,NA,NA,NA,NA
"J:2204","Peter George Xuereb","Peter George","Xuereb","Xuereb","Xuereb","Xuereb","Malta",1954,FALSE,TRUE,TRUE,FALSE,FALSE,TRUE,2,FALSE,2016-04-13,NA,2018-10-08,NA,2016-04-13,2018-10-08,NA,NA,NA,NA
"J:2205","Ramona Frendo","Ramona","Frendo","Frendo","Frendo","Frendo","Malta",1971,TRUE,FALSE,TRUE,FALSE,FALSE,TRUE,1,FALSE,2019-03-20,NA,NA,NA,2019-03-20,NA,NA,NA,NA,NA
"J:2301","Jerzy Makarczyk","Jerzy","Makarczyk","Makarczyk","Makarczyk","Makarczyk","Poland",1938,FALSE,TRUE,FALSE,FALSE,FALSE,FALSE,1,FALSE,2004-05-01,2009-10-06,2004-05-01,2009-10-06,NA,NA,NA,NA,NA,NA
"J:2302","Irena Wiszniewska-Białecka","Irena","Wiszniewska-Białecka","Wiszniewska-Bialecka","Wiszniewska-Białecka","Wiszniewska-Bialecka","Poland",1957,TRUE,FALSE,TRUE,FALSE,FALSE,FALSE,1,FALSE,2004-05-01,2016-09-19,NA,NA,2004-05-01,2016-09-19,NA,NA,NA,NA
"J:2303","Irena Boruta","Irena","Boruta","Boruta","Boruta","Boruta","Poland",1950,TRUE,FALSE,FALSE,TRUE,FALSE,FALSE,1,FALSE,2005-10-06,2013-10-07,NA,NA,NA,NA,2005-10-06,2013-10-07,NA,NA
"J:2304","Marek Safjan","Marek","Safjan","Safjan","Safjan","Safjan","Poland",1949,FALSE,TRUE,FALSE,FALSE,FALSE,TRUE,1,FALSE,2009-10-07,NA,2009-10-07,NA,NA,NA,NA,NA,NA,NA
"J:2305","Maciej Szpunar","Maciej","Szpunar","Szpunar","Szpunar","Szpunar","Poland",1971,FALSE,FALSE,FALSE,FALSE,TRUE,TRUE,1,FALSE,2013-10-23,NA,NA,NA,NA,NA,NA,NA,2013-10-23,NA
"J:2306","Nina Półtorak","Nina","Półtorak","Poltorak","Półtorak","Poltorak","Poland",1971,TRUE,FALSE,TRUE,FALSE,FALSE,TRUE,1,FALSE,2016-04-13,NA,NA,NA,2016-04-13,NA,NA,NA,NA,NA
"J:2307","Krystyna Kowalik-Bańczyk","Krystyna","Kowalik-Bańczyk","Kowalik-Banczyk","Kowalik-Bańczyk","Kowalik-Banczyk","Poland",1976,FALSE,FALSE,TRUE,FALSE,FALSE,TRUE,1,FALSE,2016-09-01,NA,NA,NA,2016-09-01,NA,NA,NA,NA,NA
"J:2401","Ján Klučka","Ján","Klučka","Klucka","Klučka","Klucka","Slovakia",1951,FALSE,TRUE,FALSE,FALSE,FALSE,FALSE,1,FALSE,2004-05-01,2009-10-06,2004-05-01,2009-10-06,NA,NA,NA,NA,NA,NA
"J:2402","Daniel Šváby","Daniel","Šváby","Svaby","Šváby","Svaby","Slovakia",1951,FALSE,TRUE,TRUE,FALSE,FALSE,FALSE,2,FALSE,2004-05-12,2021-10-07,2009-10-07,2021-10-07,2004-05-12,2009-10-06,NA,NA,NA,NA
"J:2403","Ján Mazák","Ján","Mazák","Mazak","Mazák","Mazak","Slovakia",1954,FALSE,FALSE,FALSE,FALSE,TRUE,FALSE,1,FALSE,2006-10-07,2012-10-08,NA,NA,NA,NA,NA,NA,2006-10-07,2012-10-08
"J:2404","Juraj Schwarcz","Juraj","Schwarcz","Schwarcz","Schwarcz","Schwarcz","Slovakia",1952,FALSE,FALSE,TRUE,FALSE,FALSE,TRUE,1,FALSE,2009-10-07,NA,NA,NA,2009-10-07,NA,NA,NA,NA,NA
"J:2405","Miroslav Gavalec","Miroslav","Gavalec","Gavalec","Gavalec","Gavalec","Slovakia",1961,FALSE,TRUE,FALSE,FALSE,FALSE,TRUE,1,FALSE,2021-10-07,NA,2021-10-07,NA,NA,NA,NA,NA,NA,NA
"J:2501","Marko Ilešič","Marko","Ilešič","Ilesic","Ilešič","Ilesic","Slovenia",1947,FALSE,TRUE,FALSE,FALSE,FALSE,TRUE,1,FALSE,2004-05-01,NA,2004-05-01,NA,NA,NA,NA,NA,NA,NA
"J:2502","Verica Trstenjak","Verica","Trstenjak","Trstenjak","Trstenjak","Trstenjak","Slovenia",1962,FALSE,FALSE,TRUE,FALSE,TRUE,FALSE,2,FALSE,2004-07-01,2012-11-28,NA,NA,2004-07-01,2006-10-06,NA,NA,2006-10-07,2012-11-28
"J:2503","Miro Prek","Miro","Prek","Prek","Prek","Prek","Slovenia",1956,FALSE,FALSE,TRUE,FALSE,FALSE,FALSE,1,FALSE,2006-10-06,2019-09-26,NA,NA,2006-10-06,2019-09-26,NA,NA,NA,NA
"J:2504","Maja Brkan","Maja","Brkan","Brkan","Brkan","Brkan","Slovenia",1979,TRUE,FALSE,TRUE,FALSE,FALSE,TRUE,1,FALSE,2021-07-06,NA,NA,NA,2021-07-06,NA,NA,NA,NA,NA
"J:2601","Alexander Arabadjiev","Alexander","Arabadjiev","Arabadjiev","Arabadjiev","Arabadjiev","Bulgaria",1949,FALSE,TRUE,FALSE,FALSE,FALSE,TRUE,1,FALSE,2007-01-01,NA,2007-01-01,NA,NA,NA,NA,NA,NA,NA
"J:2602","Teodor Tchipev","Teodor","Tchipev","Tchipev","Tchipev","Tchipev","Bulgaria",1940,FALSE,FALSE,TRUE,FALSE,FALSE,FALSE,1,FALSE,2007-09-01,2011-09-12,NA,NA,2007-09-01,2011-09-12,NA,NA,NA,NA
"J:2603","Mariyana Kancheva","Mariyana","Kancheva","Kancheva","Kancheva","Kancheva","Bulgaria",1958,TRUE,FALSE,TRUE,FALSE,FALSE,TRUE,1,FALSE,2011-09-12,NA,NA,NA,2011-09-12,NA,NA,NA,NA,NA
"J:2604","Alexander Kornezov","Alexander","Kornezov","Kornezov","Kornezov","Kornezov","Bulgaria",1978,FALSE,FALSE,TRUE,TRUE,FALSE,TRUE,2,FALSE,2016-04-13,NA,NA,NA,2016-09-01,NA,2016-04-13,2016-08-31,NA,NA
"J:2605","Evgeni Tanchev","Evgeni","Tanchev","Tanchev","Tanchev","Tanchev","Bulgaria",1952,FALSE,FALSE,FALSE,FALSE,TRUE,FALSE,1,FALSE,2016-09-19,2021-10-07,NA,NA,NA,NA,NA,NA,2016-09-19,2021-10-07
"J:2701","Valeriu Ciucă","Valeriu","Ciucă","Ciuca","Ciucă","Ciuca","Romania",1960,FALSE,FALSE,TRUE,FALSE,FALSE,FALSE,1,FALSE,2007-01-01,2010-11-26,NA,NA,2007-01-01,2010-11-26,NA,NA,NA,NA
"J:2702","Camelia Toader","Camelia","Toader","Toader","Toader","Toader","Romania",1963,TRUE,TRUE,FALSE,FALSE,FALSE,FALSE,1,FALSE,2007-01-12,2021-10-07,2007-01-12,2021-10-07,NA,NA,NA,NA,NA,NA
"J:2703","Andrei Popescu","Andrei","Popescu","Popescu","Popescu","Popescu","Romania",1948,FALSE,FALSE,TRUE,FALSE,FALSE,FALSE,1,FALSE,2010-11-26,2016-08-31,NA,NA,2010-11-26,2016-08-31,NA,NA,NA,NA
"J:2704","Octavia Spineanu-Matei","Octavia","Spineanu-Matei","Spineanu-Matei","Spineanu-Matei","Spineanu-Matei","Romania",1967,TRUE,TRUE,TRUE,FALSE,FALSE,TRUE,2,FALSE,2016-09-19,NA,2021-10-07,NA,2016-09-19,2021-10-07,NA,NA,NA,NA
"J:2705","Mirela Stancu","Mirela","Stancu","Stancu","Stancu","Stancu","Romania",1974,TRUE,FALSE,TRUE,FALSE,FALSE,TRUE,1,FALSE,2019-09-01,NA,NA,NA,2019-09-01,NA,NA,NA,NA,NA
"J:2801","Siniša Rodin","Siniša","Rodin","Rodin","Rodin","Rodin","Croatia",1965,FALSE,TRUE,FALSE,FALSE,FALSE,TRUE,1,FALSE,2013-07-01,NA,2013-07-01,NA,NA,NA,NA,NA,NA,NA
"J:2802","Vesna Tomljenović","Vesna","Tomljenović","Tomljenovic","Tomljenović","Tomljenovic","Croatia",1956,TRUE,FALSE,TRUE,FALSE,FALSE,TRUE,1,FALSE,2013-07-01,NA,NA,NA,2013-07-01,NA,NA,NA,NA,NA
"J:2803","Tamara Perišin","Tamara","Perišin","Perisin","Perišin","Perisin","Croatia",1979,TRUE,FALSE,TRUE,FALSE,FALSE,TRUE,1,FALSE,2019-09-26,NA,NA,NA,2019-09-26,NA,NA,NA,NA,NA
"J:2804","Tamara Ćapeta","Tamara","Ćapeta","Capeta","Ćapeta","Capeta","Croatia",1967,TRUE,FALSE,FALSE,FALSE,TRUE,TRUE,1,FALSE,2021-10-07,NA,NA,NA,NA,NA,NA,NA,2021-10-07,NA
