key_id,old_judge_id,judge_id,full_name,first_name,last_name,last_name_latin,member_state_id,member_state,member_state_code,birth_year,gender_id,gender,female,judge_court_of_justice,judge_general_court,judge_civil_service_tribunal,advocate_general,count_positions,status,non_consecutive,start_date,end_date,start_date_court_of_justice,end_date_court_of_justice,start_date_general_court,end_date_general_court,start_date_civil_service_tribunal,end_date_civil_service_tribunal,start_date_advocate_general,end_date_advocate_general
1,201,101,Louis Delvaux,Louis,Delvaux,Delvaux,1,Belgium,BE,1895,2,Male,0,1,0,0,0,1,Former CJ judge,0,1952-12-04,1958-10-07,1952-12-04,1958-10-07,,,,,,
2,202,102,Josse Mertens de Wilmars,Josse,Mertens de Wilmars,Mertens de Wilmars,1,Belgium,BE,1912,2,Male,0,1,0,0,0,1,Former CJ judge,0,1967-10-09,1984-04-10,1967-10-09,1984-04-10,,,,,,
3,203,103,René Joliet,René,Joliet,Joliet,1,Belgium,BE,1938,2,Male,0,1,0,0,0,1,Former CJ judge,0,1984-04-10,1995-07-15,1984-04-10,1995-07-15,,,,,,
4,209,104,Walter Van Gerven,Walter,Van Gerven,Van Gerven,1,Belgium,BE,1935,2,Male,0,0,0,0,1,1,Former AG,0,1988-10-07,1994-10-06,,,,,,,1988-10-07,1994-10-06
5,204,105,Koen Lenaerts,Koen,Lenaerts,Lenaerts,1,Belgium,BE,1954,2,Male,0,1,1,0,0,2,Current CJ judge; Former GC judge,0,1989-09-25,present,2003-10-07,present,1989-09-25,2003-10-06,,,,
6,205,106,Melchior Wathelet,Melchior,Wathelet,Wathelet,1,Belgium,BE,1949,2,Male,0,1,0,0,1,2,Former CJ judge; Former AG,1,1995-09-08,2018-10-08,1995-09-08,2003-10-06,,,,,2012-10-08,2018-10-08
7,206,107,Franklin Dehousse,Franklin,Dehousse,Dehousse,1,Belgium,BE,1959,2,Male,0,0,1,0,0,1,Former GC judge,0,2003-10-07,2016-08-31,,,2003-10-07,2016-08-31,,,,
8,210,108,Sean Van Raepenbusch,Sean,Van Raepenbusch,Van Raepenbusch,1,Belgium,BE,1956,2,Male,0,0,0,1,0,1,Former CST judge,0,2005-10-06,2016-08-31,,,,,2005-10-06,2016-08-31,,
9,207,109,Paul Nihoul,Paul,Nihoul,Nihoul,1,Belgium,BE,1963,2,Male,0,0,1,0,0,1,Current GC judge,0,2016-09-01,present,,,2016-09-01,present,,,,
10,208,110,Geert De Baere,Geert,De Baere,De Baere,1,Belgium,BE,1979,2,Male,0,0,1,0,0,1,Current GC judge,0,2017-10-04,present,,,2017-10-04,present,,,,
11,1013,201,Maurice Lagrange,Maurice,Lagrange,Lagrange,2,France,FR,1900,2,Male,0,0,0,0,1,1,Former AG,0,1952-12-04,1964-10-08,,,,,,,1952-12-04,1964-10-08
12,1001,202,Jacques Rueff,Jacques,Rueff,Rueff,2,France,FR,1896,2,Male,0,1,0,0,0,1,Former CJ judge,0,1952-12-04,1962-05-18,1952-12-04,1962-05-18,,,,,,
13,1002,203,Robert Lecourt,Robert,Lecourt,Lecourt,2,France,FR,1908,2,Male,0,1,0,0,0,1,Former CJ judge,0,1962-05-18,1976-10-06,1962-05-18,1976-10-06,,,,,,
14,1020,204,Joseph Gand,Joseph,Gand,Gand,2,France,FR,1913,2,Male,0,0,0,0,1,1,Former AG,0,1964-10-08,1970-10-06,,,,,,,1964-10-08,1970-10-06
15,1014,205,Alain Louis Dutheillet de Lamothe,Alain Louis,Dutheillet de Lamothe,Dutheillet de Lamothe,2,France,FR,1919,2,Male,0,0,0,0,1,1,Former AG,0,1970-10-07,1972-01-02,,,,,,,1970-10-07,1972-01-02
16,1015,206,Henri Mayras,Henri,Mayras,Mayras,2,France,FR,1920,2,Male,0,0,0,0,1,1,Former AG,0,1972-03-22,1981-03-18,,,,,,,1972-03-22,1981-03-18
17,1003,207,Adolphe Touffait,Adolphe,Touffait,Touffait,2,France,FR,1907,2,Male,0,1,0,0,0,1,Former CJ judge,0,1976-10-14,1982-10-06,1976-10-14,1982-10-06,,,,,,
18,1016,208,Simone Rozès,Simone,Rozès,Rozes,2,France,FR,1920,1,Female,1,0,0,0,1,1,Former AG,0,1981-03-18,1984-02-13,,,,,,,1981-03-18,1984-02-13
19,1004,209,Fernand Grévisse,Fernand,Grévisse,Grevisse,2,France,FR,1924,2,Male,0,1,0,0,0,1,Former CJ judge,1,1981-04-01,1994-10-06,1981-04-01,1994-10-06,,,,,,
20,1005,210,Yves Galmot,Yves,Galmot,Galmot,2,France,FR,1931,2,Male,0,1,0,0,0,1,Former CJ judge,0,1982-10-07,1988-10-06,1982-10-07,1988-10-06,,,,,,
21,1017,211,Marco Darmon,Marco,Darmon,Darmon,2,France,FR,1930,2,Male,0,0,0,0,1,1,Former AG,0,1984-02-13,1994-10-06,,,,,,,1984-02-13,1994-10-06
22,1006,212,Jacques Biancarelli,Jacques,Biancarelli,Biancarelli,2,France,FR,1948,2,Male,0,0,1,0,0,1,Former GC judge,0,1989-09-01,1995-08-31,,,1989-09-01,1995-08-31,,,,
23,1018,213,Philippe Léger,Philippe,Léger,Leger,2,France,FR,1938,2,Male,0,0,0,0,1,1,Former AG,0,1994-10-07,2006-10-06,,,,,,,1994-10-07,2006-10-06
24,1007,214,Jean-Pierre Puissochet,Jean-Pierre,Puissochet,Puissochet,2,France,FR,1936,2,Male,0,1,0,0,0,1,Former CJ judge,0,1994-10-07,2006-10-06,1994-10-07,2006-10-06,,,,,,
25,1008,215,André Potocki,André,Potocki,Potocki,2,France,FR,1950,2,Male,0,0,1,0,0,1,Former GC judge,0,1995-09-01,2001-08-31,,,1995-09-01,2001-08-31,,,,
26,1009,216,Hubert Legal,Hubert,Legal,Legal,2,France,FR,1954,2,Male,0,0,1,0,0,1,Former GC judge,0,2001-09-01,2007-08-31,,,2001-09-01,2007-08-31,,,,
27,1012,217,Stéphane Gervasoni,Stéphane,Gervasoni,Gervasoni,2,France,FR,1967,2,Male,0,0,1,1,0,2,Current GC judge; Former CST judge,1,2005-10-01,present,,,2013-09-01,present,2005-10-01,2011-09-30,,
28,1010,219,Jean-Claude Bonichot,Jean-Claude,Bonichot,Bonichot,2,France,FR,1955,2,Male,0,1,0,0,0,1,Current CJ judge,0,2006-10-07,present,2006-10-07,present,,,,,,
29,1019,220,Yves Bot,Yves,Bot,Bot,2,France,FR,1947,2,Male,0,0,0,0,1,1,Former AG,0,2006-10-07,2019-06-09,,,,,,,2006-10-07,2019-06-09
30,1011,221,Laurent Truchot,Laurent,Truchot,Truchot,2,France,FR,1962,2,Male,0,0,1,0,0,1,Current GC judge,1,2007-09-01,present,,,2007-09-01,present,,,,
31,1022,222,Jean Richard de la Tour,Jean Richard,de la Tour,de la Tour,2,France,FR,1959,2,Male,0,0,0,0,1,1,Current AG,0,2020-03-23,present,,,,,,,2020-03-23,present
32,1101,301,Otto Riese,Otto,Riese,Riese,3,Germany,DE,1894,2,Male,0,1,0,0,0,1,Former CJ judge,0,1952-12-04,1963-01-24,1952-12-04,1963-01-24,,,,,,
33,1113,302,Karl Roemer,Karl,Roemer,Roemer,3,Germany,DE,1899,2,Male,0,0,0,0,1,1,Former AG,0,1953-10-01,1973-10-01,,,,,,,1953-10-01,1973-10-01
34,1102,303,Walter Strauss,Walter,Strauss,Strauss,3,Germany,DE,1900,2,Male,0,1,0,0,0,1,Former CJ judge,0,1963-02-06,1970-10-06,1963-02-06,1970-10-06,,,,,,
35,1103,304,Hans Kutscher,Hans,Kutscher,Kutscher,3,Germany,DE,1911,2,Male,0,1,0,0,0,1,Former CJ judge,0,1970-10-07,1980-10-30,1970-10-07,1980-10-30,,,,,,
36,1114,305,Gerhard Reischl,Gerhard,Reischl,Reischl,3,Germany,DE,1918,2,Male,0,0,0,0,1,1,Former AG,0,1973-10-09,1984-01-11,,,,,,,1973-10-09,1984-01-11
37,1104,306,Ulrich Everling,Ulrich,Everling,Everling,3,Germany,DE,1925,2,Male,0,1,0,0,0,1,Former CJ judge,0,1980-10-30,1988-10-06,1980-10-30,1988-10-06,,,,,,
38,1105,307,Kai Bahlmann,Kai,Bahlmann,Bahlmann,3,Germany,DE,1927,2,Male,0,1,0,0,0,1,Former CJ judge,0,1982-10-07,1988-10-06,1982-10-07,1988-10-06,,,,,,
39,1115,308,Carl Otto Lenz,Carl Otto,Lenz,Lenz,3,Germany,DE,1930,2,Male,0,0,0,0,1,1,Former AG,0,1984-01-11,1997-10-06,,,,,,,1984-01-11,1997-10-06
40,1106,309,Manfred Zuleeg,Manfred,Zuleeg,Zuleeg,3,Germany,DE,1935,2,Male,0,1,0,0,0,1,Former CJ judge,0,1988-10-07,1994-10-06,1988-10-07,1994-10-06,,,,,,
41,1107,310,Heinrich Kirschner,Heinrich,Kirschner,Kirschner,3,Germany,DE,1938,2,Male,0,0,1,0,0,1,Former GC judge,0,1989-09-01,1997-02-06,,,1989-09-01,1997-02-06,,,,
42,1108,311,Günter Hirsch,Günter,Hirsch,Hirsch,3,Germany,DE,1943,2,Male,0,1,0,0,0,1,Former CJ judge,0,1994-10-07,2000-07-14,1994-10-07,2000-07-14,,,,,,
43,1109,312,Jörg Pirrung,Jörg,Pirrung,Pirrung,3,Germany,DE,1940,2,Male,0,0,1,0,0,1,Former GC judge,0,1997-06-11,2007-08-31,,,1997-06-11,2007-08-31,,,,
44,1116,313,Siegbert Alber,Siegbert,Alber,Alber,3,Germany,DE,1936,2,Male,0,0,0,0,1,1,Former AG,0,1997-10-07,2003-10-06,,,,,,,1997-10-07,2003-10-06
45,1110,314,Ninon Colneric,Ninon,Colneric,Colneric,3,Germany,DE,1948,1,Female,1,1,0,0,0,1,Former CJ judge,0,2000-07-15,2006-10-06,2000-07-15,2006-10-06,,,,,,
46,1117,315,Juliane Kokott,Juliane,Kokott,Kokott,3,Germany,DE,1957,1,Female,1,0,0,0,1,1,Current AG,0,2003-10-07,present,,,,,,,2003-10-07,present
47,1118,316,Horstpeter Kreppel,Horstpeter,Kreppel,Kreppel,3,Germany,DE,1945,2,Male,0,0,0,1,0,1,Former CST judge,0,2005-10-06,2016-04-13,,,,,2005-10-06,2016-04-13,,
48,1111,318,Thomas von Danwitz,Thomas,von Danwitz,von Danwitz,3,Germany,DE,1962,2,Male,0,1,0,0,0,1,Current CJ judge,0,2006-10-07,present,2006-10-07,present,,,,,,
49,1112,319,Alfred Dittrich,Alfred,Dittrich,Dittrich,3,Germany,DE,1950,2,Male,0,0,1,0,0,1,Former GC judge,0,2007-09-01,2019-09-26,,,2007-09-01,2019-09-26,,,,
50,1120,320,Johannes Christoph Laitenberger,Johannes Christoph,Laitenberger,Laitenberger,3,Germany,DE,1964,2,Male,0,0,1,0,0,1,Current GC judge,0,2019-09-26,present,,,2019-09-26,present,,,,
51,1121,321,Gabriele Steinfatt,Gabriele,Steinfatt,Steinfatt,3,Germany,DE,1977,1,Female,1,0,1,0,0,1,Current GC judge,0,2019-09-26,present,,,2019-09-26,present,,,,
52,1501,401,Massimo Pilotti,Massimo,Pilotti,Pilotti,4,Italy,IT,1879,2,Male,0,1,0,0,0,1,Former CJ judge,0,1952-12-04,1958-10-06,1952-12-04,1958-10-06,,,,,,
53,1503,402,Nicola Catalano,Nicola,Catalano,Catalano,4,Italy,IT,1910,2,Male,0,1,0,0,0,1,Former CJ judge,0,1958-10-07,1962-01-01,1958-10-07,1962-01-01,,,,,,
54,1502,403,Rino Rossi,Rino,Rossi,Rossi,4,Italy,IT,1889,2,Male,0,1,0,0,0,1,Former CJ judge,0,1958-10-07,1964-10-06,1958-10-07,1964-10-06,,,,,,
55,1504,404,Alberto Trabucchi,Alberto,Trabucchi,Trabucchi,4,Italy,IT,1907,2,Male,0,1,0,0,1,2,Former CJ judge; Former AG,0,1962-03-08,1976-10-06,1962-03-08,1972-12-12,,,,,1973-01-09,1976-10-06
56,1505,405,Riccardo Monaco,Riccardo,Monaco,Monaco,4,Italy,IT,1909,2,Male,0,1,0,0,0,1,Former CJ judge,0,1964-10-08,1975-10-07,1964-10-08,1975-10-07,,,,,,
57,1506,406,Francesco Capotorti,Francesco,Capotorti,Capotorti,4,Italy,IT,1925,2,Male,0,1,0,0,1,2,Former CJ judge; Former AG,0,1976-01-20,1982-10-06,1976-01-20,1976-10-06,,,,,1976-10-07,1982-10-06
58,1507,407,Giacinto Bosco,Giacinto,Bosco,Bosco,4,Italy,IT,1905,2,Male,0,1,0,0,0,1,Former CJ judge,0,1976-10-07,1988-10-06,1976-10-07,1988-10-06,,,,,,
59,1508,408,Giuseppe Federico Mancini,Giuseppe Federico,Mancini,Mancini,4,Italy,IT,1927,2,Male,0,1,0,0,1,2,Former CJ judge; Former AG,0,1982-10-07,1999-07-21,1988-10-07,1999-07-21,,,,,1982-10-07,1988-10-06
60,1517,409,Giuseppe Tesauro,Giuseppe,Tesauro,Tesauro,4,Italy,IT,1942,2,Male,0,0,0,0,1,1,Former AG,0,1988-10-07,1998-03-04,,,,,,,1988-10-07,1998-03-04
61,1509,410,Antonio Saggio,Antonio,Saggio,Saggio,4,Italy,IT,1934,2,Male,0,0,1,0,1,2,Former GC judge; Former AG,0,1989-09-01,2000-10-06,,,1989-09-01,1998-03-04,,,1998-03-05,2000-10-06
62,1510,411,Antonio Mario La Pergola,Antonio Mario,La Pergola,La Pergola,4,Italy,IT,1931,2,Male,0,1,0,0,1,2,Former CJ judge; Former AG,1,1994-10-07,2006-05-03,1994-10-07,2006-05-03,,,,,1995-01-01,1999-12-14
63,1511,412,Paolo Mengozzi,Paolo,Mengozzi,Mengozzi,4,Italy,IT,1938,2,Male,0,0,1,0,1,2,Former GC judge; Former AG,0,1998-03-04,2018-10-08,,,1998-03-04,2006-05-03,,,2006-05-04,2018-10-08
64,1513,413,Antonio Tizzano,Antonio,Tizzano,Tizzano,4,Italy,IT,1940,2,Male,0,1,0,0,1,2,Former CJ judge; Former AG,0,2000-10-07,2018-10-08,2006-05-04,2018-10-08,,,,,2000-10-07,2006-05-03
65,1512,414,Enzo Moavero Milanesi,Enzo,Moavero Milanesi,Moavero Milanesi,4,Italy,IT,1954,2,Male,0,0,1,0,0,1,Former GC judge,0,2006-05-03,2011-11-15,,,2006-05-03,2011-11-15,,,,
66,1515,415,Ezio Perillo,Ezio,Perillo,Perillo,4,Italy,IT,1950,2,Male,0,0,1,1,0,2,Former GC judge; Former CST judge,0,2011-10-06,2016-09-19,,,2016-09-19,2019-09-26,2011-10-06,2016-08-31,,
67,1514,416,Guido Berardis,Guido,Berardis,Berardis,4,Italy,IT,1950,2,Male,0,0,1,0,0,1,Former GC judge,0,2012-09-07,2019-09-26,,,2012-09-07,2019-09-26,,,,
68,1518,417,Giovanni Pitruzzella,Giovanni,Pitruzzella,Pitruzzella,4,Italy,IT,1959,2,Male,0,0,0,0,1,1,Current AG,0,2018-10-08,present,,,,,,,2018-10-08,present
69,1516,418,Lucia Serena Rossi,Lucia Serena,Rossi,Rossi,4,Italy,IT,1958,1,Female,1,1,0,0,0,1,Current CJ judge,0,2018-10-08,present,2018-10-08,present,,,,,,
70,1519,419,Roberto Mastroianni,Roberto,Mastroianni,Mastroianni,4,Italy,IT,1964,2,Male,0,0,1,0,0,1,Current GC judge,0,2019-09-26,present,,,2019-09-26,present,,,,
71,1520,420,Ornella Porchia,Ornella,Porchia,Porchia,4,Italy,IT,1966,1,Female,1,0,1,0,0,1,Current GC judge,0,2019-09-26,present,,,2019-09-26,present,,,,
72,1801,501,Charles Léon Hammes,Charles Léon,Hammes,Hammes,5,Luxembourg,LU,1898,2,Male,0,1,0,0,0,1,Former CJ judge,0,1952-12-04,1967-10-09,1952-12-04,1967-10-09,,,,,,
73,1802,502,Pierre Pescatore,Pierre,Pescatore,Pescatore,5,Luxembourg,LU,1919,2,Male,0,1,0,0,0,1,Former CJ judge,0,1967-10-09,1985-10-06,1967-10-09,1985-10-06,,,,,,
74,1803,503,Fernand Schockweiler,Fernand,Schockweiler,Schockweiler,5,Luxembourg,LU,1935,2,Male,0,1,0,0,0,1,Former CJ judge,0,1985-10-07,1996-06-01,1985-10-07,1996-06-01,,,,,,
75,1809,504,Jean Mischo,Jean,Mischo,Mischo,5,Luxembourg,LU,1938,2,Male,0,0,0,0,1,1,Former AG,1,1986-01-13,2003-10-06,,,,,,,1986-01-13,2003-10-06
76,1804,505,Romain Schintgen,Romain,Schintgen,Schintgen,5,Luxembourg,LU,1939,2,Male,0,1,1,0,0,2,Former CJ judge; Former GC judge,0,1989-09-25,2008-01-14,1996-07-12,2008-01-14,1989-09-25,1996-07-11,,,,
77,1805,506,Marc Jaeger,Marc,Jaeger,Jaeger,5,Luxembourg,LU,1954,2,Male,0,0,1,0,0,1,Current GC judge,0,1996-07-11,present,,,1996-07-11,present,,,,
78,1806,507,Jean-Jacques Kasel,Jean-Jacques,Kasel,Kasel,5,Luxembourg,LU,1946,2,Male,0,1,0,0,0,1,Former CJ judge,0,2008-01-15,2013-10-06,2008-01-15,2013-10-06,,,,,,
79,1807,508,François Biltgen,François,Biltgen,Biltgen,5,Luxembourg,LU,1958,2,Male,0,1,0,0,0,1,Current CJ judge,0,2013-10-06,present,2013-10-06,present,,,,,,
80,1808,509,Dean Spielmann,Dean,Spielmann,Spielmann,5,Luxembourg,LU,1962,2,Male,0,0,1,0,0,1,Current GC judge,0,2016-04-13,present,,,2016-04-13,present,,,,
81,2001,601,Petrus Serrarens,Petrus,Serrarens,Serrarens,6,Netherlands,NL,1888,2,Male,0,1,0,0,0,1,Former CJ judge,0,1952-12-04,1958-10-06,1952-12-04,1958-10-06,,,,,,
82,2002,602,Adrianus van Kleffens,Adrianus,van Kleffens,van Kleffens,6,Netherlands,NL,1899,2,Male,0,1,0,0,0,1,Former CJ judge,0,1952-12-04,1958-10-06,1952-12-04,1958-10-06,,,,,,
83,2003,603,Andreas Matthias Donner,Andreas Matthias,Donner,Donner,6,Netherlands,NL,1918,2,Male,0,1,0,0,0,1,Former CJ judge,0,1958-10-07,1979-04-01,1958-10-07,1979-04-01,,,,,,
84,2004,604,Thymen Koopmans,Thymen,Koopmans,Koopmans,6,Netherlands,NL,1929,2,Male,0,1,0,0,0,1,Former CJ judge,0,1979-04-01,1990-03-29,1979-04-01,1990-03-29,,,,,,
85,2012,605,Pieter verLoren van Themaat,Pieter,verLoren van Themaat,verLoren van Themaat,6,Netherlands,NL,1916,2,Male,0,0,0,0,1,1,Former AG,0,1981-06-04,1986-01-13,,,,,,,1981-06-04,1986-01-13
86,2005,606,Cornelis Paulus Briët,Cornelis Paulus,Briët,Briet,6,Netherlands,NL,1944,2,Male,0,0,1,0,0,1,Former GC judge,0,1989-09-01,1998-08-31,,,1989-09-01,1998-08-31,,,,
87,2006,607,Paul Joan George Kapteyn,Paul Joan George,Kapteyn,Kapteyn,6,Netherlands,NL,1928,2,Male,0,1,0,0,0,1,Former CJ judge,0,1990-03-29,2000-10-06,1990-03-29,2000-10-06,,,,,,
88,2007,608,Arjen Meij,Arjen,Meij,Meij,6,Netherlands,NL,1944,2,Male,0,0,1,0,0,1,Former GC judge,0,1992-09-01,2010-08-31,,,1992-09-01,2010-08-31,,,,
89,2013,609,Leendert Adrie Geelhoed,Leendert Adrie,Geelhoed,Geelhoed,6,Netherlands,NL,1942,2,Male,0,0,0,0,1,1,Former AG,0,2000-10-07,2006-10-06,,,,,,,2000-10-07,2006-10-06
90,2008,610,Christiaan Willem Anton Timmermans,Christiaan Willem Anton,Timmermans,Timmermans,6,Netherlands,NL,1941,2,Male,0,1,0,0,0,1,Former CJ judge,0,2000-10-07,2010-07-10,2000-10-07,2010-07-10,,,,,,
91,2009,611,Alexandra Prechal,Alexandra,Prechal,Prechal,6,Netherlands,NL,1959,1,Female,1,1,0,0,0,1,Current CJ judge,0,2010-07-10,present,2010-07-10,present,,,,,,
92,2010,612,Marc van der Woude,Marc,van der Woude,van der Woude,6,Netherlands,NL,1960,2,Male,0,0,1,0,0,1,Current GC judge,0,2010-09-01,present,,,2010-09-01,present,,,,
93,2011,613,René Barents,René,Barents,Barents,6,Netherlands,NL,1951,2,Male,0,0,1,1,0,2,Current GC judge; Former CST judge,0,2011-10-06,present,,,2016-09-01,present,2011-10-06,2016-08-31,,
94,701,701,Max Sørensen,Max,Sørensen,Sorensen,7,Denmark,DK,1913,2,Male,0,1,0,0,0,1,Former CJ judge,0,1973-01-01,1979-10-06,1973-01-01,1979-10-06,,,,,,
95,702,702,Ole Due,Ole,Due,Due,7,Denmark,DK,1931,2,Male,0,1,0,0,0,1,Former CJ judge,0,1979-10-07,1994-10-06,1979-10-07,1994-10-06,,,,,,
96,703,703,Bo Vesterdorf,Bo,Vesterdorf,Vesterdorf,7,Denmark,DK,1945,2,Male,0,0,1,0,0,1,Former GC judge,0,1989-09-01,2007-09-17,,,1989-09-01,2007-09-17,,,,
97,704,704,Claus Christian Gulmann,Claus Christian,Gulmann,Gulmann,7,Denmark,DK,1942,2,Male,0,1,0,0,1,2,Former CJ judge; Former AG,0,1991-10-07,2006-01-10,1994-10-07,2006-01-10,,,,,1991-10-07,1994-10-06
98,708,705,Michael Bendik Elmer,Michael Bendik,Elmer,Elmer,7,Denmark,DK,1949,2,Male,0,0,0,0,1,1,Former AG,0,1994-10-07,1997-12-18,,,,,,,1994-10-07,1997-12-18
99,705,706,Lars Bay Larsen,Lars,Bay Larsen,Bay Larsen,7,Denmark,DK,1953,2,Male,0,1,0,0,0,1,Current CJ judge,0,2006-01-11,present,2006-01-11,present,,,,,,
100,706,707,Sten Frimodt Nielsen,Sten,Frimodt Nielsen,Frimodt Nielsen,7,Denmark,DK,1963,2,Male,0,0,1,0,0,1,Current GC judge,0,2007-09-17,present,,,2007-09-17,present,,,,
101,707,708,Jesper Svenningsen,Jesper,Svenningsen,Svenningsen,7,Denmark,DK,1966,2,Male,0,0,1,1,0,2,Current GC judge; Former CST judge,0,2013-10-07,present,,,2016-09-01,present,2013-10-07,2016-08-31,,
102,709,709,Henrik Saugmandsgaard Øe,Henrik,Saugmandsgaard Øe,Saugmandsgaard Oe,7,Denmark,DK,1964,2,Male,0,0,0,0,1,1,Former AG,0,2015-10-07,2021-10-07,,,,,,,2015-10-07,2021-10-07
103,1401,801,Cearbhall O'Dalaigh,Cearbhall,O'Dalaigh,O'Dalaigh,8,Ireland,IE,1911,2,Male,0,1,0,0,0,1,Former CJ judge,0,1973-01-01,1974-12-12,1973-01-01,1974-12-12,,,,,,
104,1402,802,Andreas O'Keeffe,Andreas,O'Keeffe,O'Keeffe,8,Ireland,IE,1912,2,Male,0,1,0,0,0,1,Former CJ judge,0,1975-12-12,1984-12-31,1975-12-12,1984-12-31,,,,,,
105,1403,803,Thomas Francis O'Higgins,Thomas Francis,O'Higgins,O'Higgins,8,Ireland,IE,1913,2,Male,0,1,0,0,0,1,Former CJ judge,0,1985-01-16,1991-10-06,1985-01-16,1991-10-06,,,,,,
106,1404,804,Donal Patrick Michael Barrington,Donal Patrick Michael,Barrington,Barrington,8,Ireland,IE,1928,2,Male,0,0,1,0,0,1,Former GC judge,0,1989-09-01,1996-01-10,,,1989-09-01,1996-01-10,,,,
107,1405,805,John Murray,John,Murray,Murray,8,Ireland,IE,1943,2,Male,0,1,0,0,0,1,Former CJ judge,0,1991-10-07,1999-10-09,1991-10-07,1999-10-09,,,,,,
108,1414,806,Nial Fennelly,Nial,Fennelly,Fennelly,8,Ireland,IE,1942,2,Male,0,0,0,0,1,1,Former AG,0,1995-01-19,2000-10-06,,,,,,,1995-01-19,2000-10-06
109,1406,807,John Cooke,John,Cooke,Cooke,8,Ireland,IE,1944,2,Male,0,0,1,0,0,1,Former GC judge,0,1996-01-10,2008-09-15,,,1996-01-10,2008-09-15,,,,
110,1407,808,Fidelma O'Kelly Macken,Fidelma,O'Kelly Macken,O'Kelly Macken,8,Ireland,IE,1942,1,Female,1,1,0,0,0,1,Former CJ judge,0,1999-10-06,2004-10-13,1999-10-06,2004-10-13,,,,,,
111,1408,809,Aindrias Ó Caoimh,Aindrias,Ó Caoimh,O Caoimh,8,Ireland,IE,1950,2,Male,0,1,0,0,0,1,Former CJ judge,0,2004-10-13,2015-10-06,2004-10-13,2015-10-06,,,,,,
112,1409,810,Kevin O'Higgins,Kevin,O'Higgins,O'Higgins,8,Ireland,IE,1946,2,Male,0,0,1,0,0,1,Former GC judge,0,2008-09-15,2013-08-31,,,2008-09-15,2013-08-31,,,,
113,1415,811,Kieran Bradley,Kieran,Bradley,Bradley,8,Ireland,IE,1957,2,Male,0,0,0,1,0,1,Former CST judge,0,2011-10-06,2016-08-31,,,,,2011-10-06,2016-08-31,,
114,1410,812,Anthony Michael Collins,Anthony Michael,Collins,Collins,8,Ireland,IE,1960,2,Male,0,0,1,0,1,2,Current AG; Former GC judge,0,2013-09-16,present,,,2013-09-16,2021-10-07,,,2021-10-07,present
115,1411,813,Eugene Regan,Eugene,Regan,Regan,8,Ireland,IE,1952,2,Male,0,1,0,0,0,1,Current CJ judge,0,2015-10-07,present,2015-10-07,present,,,,,,
116,1412,814,Colm Mac Eochaidh,Colm,Mac Eochaidh,Mac Eochaidh,8,Ireland,IE,1963,2,Male,0,0,1,0,0,1,Current GC judge,0,2017-06-08,present,,,2017-06-08,present,,,,
117,1413,815,Gerard Hogan,Gerard,Hogan,Hogan,8,Ireland,IE,1958,2,Male,0,0,0,0,1,1,Former AG,0,2018-10-08,2021-10-07,,,,,,,2018-10-08,2021-10-07
118,2801,901,Alexander Mackenzie Stuart,Alexander,Mackenzie Stuart,Mackenzie Stuart,9,United Kingdom,UK,1924,2,Male,0,1,0,0,0,1,Former CJ judge,0,1973-01-01,1988-10-06,1973-01-01,1988-10-06,,,,,,
119,2809,902,Jean-Pierre Warner,Jean-Pierre,Warner,Warner,9,United Kingdom,UK,1924,2,Male,0,0,0,0,1,1,Former AG,0,1973-01-09,1981-02-26,,,,,,,1973-01-09,1981-02-26
120,2802,903,Gordon Slynn,Gordon,Slynn,Slynn,9,United Kingdom,UK,1930,2,Male,0,1,0,0,1,2,Former CJ judge; Former AG,0,1981-02-26,1992-03-10,1988-10-07,1992-03-10,,,,,1981-02-26,1988-10-06
121,2810,904,Francis Geoffrey Jacobs,Francis Geoffrey,Jacobs,Jacobs,9,United Kingdom,UK,1939,2,Male,0,0,0,0,1,1,Former AG,0,1988-10-07,2006-01-10,,,,,,,1988-10-07,2006-01-10
122,2803,905,David Alexander Ogilvy Edward,David Alexander Ogilvy,Edward,Edward,9,United Kingdom,UK,1934,2,Male,0,1,1,0,0,2,Former CJ judge; Former GC judge,0,1989-09-25,2004-01-07,1992-03-10,2004-01-07,1989-09-25,1992-03-09,,,,
123,2804,906,Christopher William Bellamy,Christopher William,Bellamy,Bellamy,9,United Kingdom,UK,1946,2,Male,0,0,1,0,0,1,Former GC judge,0,1992-03-10,1999-12-15,,,1992-03-10,1999-12-15,,,,
124,2805,907,Nicholas James Forwood,Nicholas James,Forwood,Forwood,9,United Kingdom,UK,1948,2,Male,0,0,1,0,0,1,Former GC judge,0,1999-12-02,2015-10-01,,,1999-12-02,2015-10-01,,,,
125,2806,908,Konrad Hermann Theodor Schiemann,Konrad Hermann Theodor,Schiemann,Schiemann,9,United Kingdom,UK,1937,2,Male,0,1,0,0,0,1,Former CJ judge,0,2004-01-01,2012-10-06,2004-01-01,2012-10-06,,,,,,
126,2812,909,Paul John Mahoney,Paul John,Mahoney,Mahoney,9,United Kingdom,UK,1946,2,Male,0,0,0,1,0,1,Former CST judge,0,2005-10-06,2011-10-06,,,,,2005-10-06,2011-10-06,,
127,2811,910,Eleanor Sharpston,Eleanor,Sharpston,Sharpston,9,United Kingdom,UK,1955,1,Female,1,0,0,0,1,1,Former AG,0,2006-01-11,2020-09-10,,,,,,,2006-01-11,2020-09-10
128,2807,911,Christopher Vajda,Christopher,Vajda,Vajda,9,United Kingdom,UK,1955,2,Male,0,1,0,0,0,1,Former CJ judge,0,2012-10-07,2020-01-31,2012-10-07,2020-01-31,,,,,,
129,2808,912,Ian Stewart Forrester,Ian Stewart,Forrester,Forrester,9,United Kingdom,UK,1945,2,Male,0,0,1,0,0,1,Former GC judge,0,2015-10-01,2020-01-31,,,2015-10-01,2020-01-31,,,,
130,1201,1001,Alexandros Chloros,Alexandros,Chloros,Chloros,10,Greece,EL,1926,2,Male,0,1,0,0,0,1,Former CJ judge,0,1981-01-01,1982-11-16,1981-01-01,1982-11-16,,,,,,
131,1202,1002,Constantinos Kakouris,Constantinos,Kakouris,Kakouris,10,Greece,EL,1919,2,Male,0,1,0,0,0,1,Former CJ judge,0,1983-02-16,1997-10-06,1983-02-16,1997-10-06,,,,,,
132,1203,1003,Christos Yeraris,Christos,Yeraris,Yeraris,10,Greece,EL,1938,2,Male,0,0,1,0,0,1,Former GC judge,0,1989-09-01,1992-08-31,,,1989-09-01,1992-08-31,,,,
133,1204,1004,Andreas Kalogeropoulos,Andreas,Kalogeropoulos,Kalogeropoulos,10,Greece,EL,1944,2,Male,0,0,1,0,0,1,Former GC judge,0,1992-09-18,1998-08-31,,,1992-09-18,1998-08-31,,,,
134,1210,1005,Georges Cosmas,Georges,Cosmas,Cosmas,10,Greece,EL,1932,2,Male,0,0,0,0,1,1,Former AG,0,1994-10-07,2000-10-06,,,,,,,1994-10-07,2000-10-06
135,1205,1006,Krateros Ioannou,Krateros,Ioannou,Ioannou,10,Greece,EL,1935,2,Male,0,1,0,0,0,1,Former CJ judge,0,1997-10-07,1999-03-10,1997-10-07,1999-03-10,,,,,,
136,1206,1007,Michail Vilaras,Michail,Vilaras,Vilaras,10,Greece,EL,1950,2,Male,0,1,1,0,0,2,Former CJ judge; Former GC judge,1,1998-09-01,2021-10-07,2015-10-07,2021-10-07,1998-09-01,2010-09-01,,,,
137,1207,1008,Vassilios Skouris,Vassilios,Skouris,Skouris,10,Greece,EL,1948,2,Male,0,1,0,0,0,1,Former CJ judge,0,1999-05-26,2015-10-06,1999-05-26,2015-10-06,,,,,,
138,1211,1009,Haris Tagaras,Haris,Tagaras,Tagaras,10,Greece,EL,1955,2,Male,0,0,0,1,0,1,Former CST judge,0,2005-10-06,2011-10-06,,,,,2005-10-06,2011-10-06,,
139,1208,1010,Dimitrios Gratsias,Dimitrios,Gratsias,Gratsias,10,Greece,EL,1957,2,Male,0,1,1,0,0,2,Current CJ judge; Former GC judge,0,2010-10-25,present,2021-10-07,present,2010-10-25,2021-10-07,,,,
140,1209,1011,Constantinos Iliopoulos,Constantinos,Iliopoulos,Iliopoulos,10,Greece,EL,1948,2,Male,0,0,1,0,0,1,Current GC judge,0,2016-04-13,present,,,2016-04-13,present,,,,
141,1212,1012,Athanasios Rantos,Athanasios,Rantos,Rantos,10,Greece,EL,1953,2,Male,0,0,0,0,1,1,Current AG,0,2020-09-10,present,,,,,,,2020-09-10,present
142,2202,1101,José Luis da Cruz Vilaça,José Luis,da Cruz Vilaça,da Cruz Vilaca,11,Portugal,PT,1944,2,Male,0,1,1,0,1,3,Former CJ judge; Former GC judge; Former AG,1,1986-01-01,2018-10-08,2012-10-08,2018-10-08,1989-09-01,1995-08-31,,,1986-01-01,1988-10-06
143,2201,1102,José Carlos de Carvalho Moitinho de Almeida,José Carlos,de Carvalho Moitinho de Almeida,de Carvalho Moitinho de Almeida,11,Portugal,PT,1936,2,Male,0,1,0,0,0,1,Former CJ judge,0,1986-01-01,2000-10-06,1986-01-01,2000-10-06,,,,,,
144,2203,1103,Rui Manuel Gens de Moura Ramos,Rui Manuel,Gens de Moura Ramos,Gens de Moura Ramos,11,Portugal,PT,1950,2,Male,0,0,1,0,0,1,Former GC judge,0,1995-09-18,2003-03-31,,,1995-09-18,2003-03-31,,,,
145,2204,1104,José Narciso da Cunha Rodrigues,José Narciso,da Cunha Rodrigues,da Cunha Rodrigues,11,Portugal,PT,1940,2,Male,0,1,0,0,0,1,Former CJ judge,0,2000-10-07,2012-10-06,2000-10-07,2012-10-06,,,,,,
146,2205,1105,Maria Eugénia Martins de Nazaré Ribeiro,Maria Eugénia,Martins de Nazaré Ribeiro,Martins de Nazare Ribeiro,11,Portugal,PT,1956,1,Female,1,0,1,0,0,1,Former GC judge,0,2003-04-01,2016-08-31,,,2003-04-01,2016-08-31,,,,
147,2209,1106,Luís Miguel Poiares Pessoa Maduro,Luís Miguel,Poiares Pessoa Maduro,Poiares Pessoa Maduro,11,Portugal,PT,1967,2,Male,0,0,0,0,1,1,Former AG,0,2003-10-07,2009-10-06,,,,,,,2003-10-07,2009-10-06
148,2210,1107,João Sant'Anna,João,Sant'Anna,Sant'Anna,11,Portugal,PT,1957,2,Male,0,0,0,1,0,1,Former CST judge,0,2016-04-13,2016-08-31,,,,,2016-04-13,2016-08-31,,
149,2207,1108,Maria José Costeira,Maria José,Costeira,Costeira,11,Portugal,PT,1967,1,Female,1,0,1,0,0,1,Current GC judge,0,2016-09-19,present,,,2016-09-19,present,,,,
150,2206,1109,Ricardo da Silva Passos,Ricardo,da Silva Passos,da Silva Passos,11,Portugal,PT,1953,2,Male,0,0,1,0,0,1,Current GC judge,0,2016-09-19,present,,,2016-09-19,present,,,,
151,2208,1110,Nuno José Cardoso da Silva Piçarra,Nuno José,Cardoso da Silva Piçarra,Cardoso da Silva Picarra,11,Portugal,PT,1957,2,Male,0,1,0,0,0,1,Current CJ judge,0,2018-10-07,present,2018-10-07,present,,,,,,
152,2601,1201,Gil Carlos Rodrìguez Iglesias,Gil Carlos,Rodrìguez Iglesias,Rodriguez Iglesias,12,Spain,ES,1946,2,Male,0,1,0,0,0,1,Former CJ judge,0,1986-01-01,2003-10-06,1986-01-01,2003-10-06,,,,,,
153,2602,1202,Manuel Diez de Velasco,Manuel,Diez de Velasco,Diez de Velasco,12,Spain,ES,1926,2,Male,0,1,0,0,0,1,Former CJ judge,0,1988-10-07,1994-10-06,1988-10-07,1994-10-06,,,,,,
154,2603,1203,Rafael García-Valdecasas y Fernández,Rafael,García-Valdecasas y Fernández,Garcia-Valdecasas y Fernandez,12,Spain,ES,1946,2,Male,0,0,1,0,0,1,Former GC judge,0,1989-09-01,2007-08-31,,,1989-09-01,2007-08-31,,,,
155,2608,1204,Dámaso Ruiz-Jarabo Colomer,Dámaso,Ruiz-Jarabo Colomer,Ruiz-Jarabo Colomer,12,Spain,ES,1949,2,Male,0,0,0,0,1,1,Former AG,0,1995-01-19,2009-11-12,,,,,,,1995-01-19,2009-11-12
156,2604,1205,Rosario Silva de Lapuerta,Rosario,Silva de Lapuerta,Silva de Lapuerta,12,Spain,ES,1954,1,Female,1,1,0,0,0,1,Former CJ judge,0,2003-10-07,2021-10-07,2003-10-07,2021-10-07,,,,,,
157,2605,1206,Santiago Soldevila Fragoso,Santiago,Soldevila Fragoso,Soldevila Fragoso,12,Spain,ES,1960,2,Male,0,0,1,0,0,1,Former GC judge,0,2007-09-01,2013-08-31,,,2007-09-01,2013-08-31,,,,
158,2611,1207,Maria Isabel Rofes i Pujol,Maria Isabel,Rofes i Pujol,Rofes i Pujol,12,Spain,ES,1956,1,Female,1,0,0,1,0,1,Former CST judge,0,2009-10-07,2016-04-13,,,,,2009-10-07,2016-04-13,,
159,2609,1208,Pedro Cruz Villalón,Pedro,Cruz Villalón,Cruz Villalon,12,Spain,ES,1946,2,Male,0,0,0,0,1,1,Former AG,0,2009-12-14,2015-10-07,,,,,,,2009-12-14,2015-10-07
160,2606,1209,Ignacio Ulloa Rubio,Ignacio,Ulloa Rubio,Ulloa Rubio,12,Spain,ES,1967,2,Male,0,0,1,0,0,1,Former GC judge,0,2013-09-01,2019-09-26,,,2013-09-01,2019-09-26,,,,
161,2610,1210,Manuel Campos Sánchez-Bordona,Manuel,Campos Sánchez-Bordona,Campos Sanchez-Bordona,12,Spain,ES,1950,2,Male,0,0,0,0,1,1,Current AG,0,2015-10-07,present,,,,,,,2015-10-07,present
162,2607,1211,Leopoldo Calvo-Sotelo Ibáñez-Martín,Leopoldo,Calvo-Sotelo Ibáñez-Martín,Calvo-Sotelo Ibanez-Martin,12,Spain,ES,1957,2,Male,0,0,1,0,0,1,Former GC judge,0,2016-04-13,2019-09-26,,,2016-04-13,2019-09-26,,,,
163,,1212,José Martín y Pérez de Nanclares,José,Martín y Pérez de Nanclares,Martin y Perez de Nanclares,12,Spain,ES,1965,2,Male,0,0,1,0,0,1,Current GC judge,0,2019-09-26,present,,,2019-09-26,present,,,,
164,2612,1213,Miguel Sampol Pucurull,Miguel,Sampol Pucurull,Sampol Pucurull,12,Spain,ES,1974,2,Male,0,0,1,0,0,1,Current GC judge,0,2019-09-26,present,,,2019-09-26,present,,,,
165,,1214,Maria Lourdes Arastey Sahún,Maria,Lourdes Arastey Sahún,Lourdes Arastey Sahun,12,Spain,ES,1959,1,Female,1,1,0,0,0,1,Current CJ judge,0,2021-10-07,present,2021-10-07,present,,,,,,
166,102,1301,Josef Azizi,Josef,Azizi,Azizi,13,Austria,AT,1948,2,Male,0,0,1,0,0,1,Former GC judge,0,1995-01-01,2013-09-01,,,1995-01-01,2013-09-01,,,,
167,101,1302,Peter Jann,Peter,Jann,Jann,13,Austria,AT,1935,2,Male,0,1,0,0,0,1,Former CJ judge,0,1995-01-01,2009-10-06,1995-01-01,2009-10-06,,,,,,
168,105,1303,Christine Stix-Hackl,Christine,Stix-Hackl,Stix-Hackl,13,Austria,AT,1957,1,Female,1,0,0,0,1,1,Former AG,0,2000-10-07,2006-10-06,,,,,,,2000-10-07,2006-10-06
169,103,1304,Maria Berger,Maria,Berger,Berger,13,Austria,AT,1956,1,Female,1,1,0,0,0,1,Former CJ judge,0,2009-10-07,2019-03-20,2009-10-07,2019-03-20,,,,,,
170,104,1305,Viktor Kreuschitz,Viktor,Kreuschitz,Kreuschitz,13,Austria,AT,1952,2,Male,0,0,1,0,0,1,Current GC judge,0,2013-09-01,present,,,2013-09-01,present,,,,
171,106,1306,Andreas Kumin,Andreas,Kumin,Kumin,13,Austria,AT,1965,2,Male,0,1,0,0,0,1,Current CJ judge,0,2019-03-20,present,2019-03-20,present,,,,,,
172,107,1307,Gerhard Hesse,Gerhard,Hesse,Hesse,13,Austria,AT,1970,2,Male,0,0,1,0,0,1,Current GC judge,0,2019-09-26,present,,,2019-09-26,present,,,,
173,901,1401,Leif Sevón,Leif,Sevón,Sevon,14,Finland,FI,1941,2,Male,0,1,0,0,0,1,Former CJ judge,0,1995-01-01,2002-01-16,1995-01-01,2002-01-16,,,,,,
174,902,1402,Virpi Tiili,Virpi,Tiili,Tiili,14,Finland,FI,1942,1,Female,1,0,1,0,0,1,Former GC judge,0,1995-01-01,2009-09-01,,,1995-01-01,2009-09-01,,,,
175,903,1403,Allan Rosas,Allan,Rosas,Rosas,14,Finland,FI,1948,2,Male,0,1,0,0,0,1,Former CJ judge,0,2002-01-17,2019-10-07,2002-01-17,2019-10-07,,,,,,
176,904,1404,Heikki Kanninen,Heikki,Kanninen,Kanninen,14,Finland,FI,1952,2,Male,0,0,1,1,0,2,Current GC judge; Former CST judge,0,2005-10-06,present,,,2009-09-01,present,2005-10-06,2009-10-06,,
177,905,1405,Niilo Jääskinen,Niilo,Jääskinen,Jaaskinen,14,Finland,FI,1958,2,Male,0,1,0,0,1,2,Current CJ judge; Former AG,1,2009-10-07,present,2019-10-07,present,,,,,2009-10-07,2015-10-07
178,906,1406,Tuula Riitta Pynnä,Tuula Riitta,Pynnä,Pynna,14,Finland,FI,1958,1,Female,1,0,1,0,0,1,Current GC judge,0,2019-09-26,present,,,2019-09-26,present,,,,
179,2701,1502,Hans Ragnemalm,Hans,Ragnemalm,Ragnemalm,15,Sweden,SE,1940,2,Male,0,1,0,0,0,1,Former CJ judge,0,1995-01-01,2000-10-06,1995-01-01,2000-10-06,,,,,,
180,2702,1501,Pernilla Lindh,Pernilla,Lindh,Lindh,15,Sweden,SE,1945,1,Female,1,1,1,0,0,2,Former CJ judge; Former GC judge,0,1995-01-18,2011-10-06,2006-10-07,2011-10-06,1995-01-18,2006-10-06,,,,
181,2703,1503,Stig von Bahr,Stig,von Bahr,von Bahr,15,Sweden,SE,1939,2,Male,0,1,0,0,0,1,Former CJ judge,0,2000-10-08,2006-10-06,2000-10-08,2006-10-06,,,,,,
182,2704,1504,Nils Wahl,Nils,Wahl,Wahl,15,Sweden,SE,1961,2,Male,0,1,1,0,1,3,Current CJ judge; Former GC judge; Former AG,1,2006-10-06,present,2019-10-07,present,2006-10-06,2012-11-28,,,2012-11-28,2019-02-06
183,2705,1505,Carl Gustav Fernlund,Carl Gustav,Fernlund,Fernlund,15,Sweden,SE,1950,2,Male,0,1,0,0,0,1,Former CJ judge,0,2011-10-06,2019-10-07,2011-10-06,2019-10-07,,,,,,
184,2706,1506,Carl Wetter,Carl,Wetter,Wetter,15,Sweden,SE,1949,2,Male,0,0,1,0,0,1,Former GC judge,0,2013-03-18,2016-09-19,,,2013-03-18,2016-09-19,,,,
185,2707,1507,Fredrik Schalin,Fredrik,Schalin,Schalin,15,Sweden,SE,1964,2,Male,0,0,1,0,0,1,Current GC judge,0,2016-06-08,present,,,2016-06-08,present,,,,
186,2708,1508,Ulf Christophe Öberg,Ulf Christophe,Öberg,Oberg,15,Sweden,SE,1966,2,Male,0,0,1,0,0,1,Current GC judge,0,2016-09-19,present,,,2016-09-19,present,,,,
187,501,1601,George Arestis,George,Arestis,Arestis,16,Cyprus,CY,1945,2,Male,0,1,0,0,0,1,Former CJ judge,0,2004-05-01,2014-10-06,2004-05-01,2014-10-06,,,,,,
188,502,1602,Savvas Papasavvas,Savvas,Papasavvas,Papasavvas,16,Cyprus,CY,1969,2,Male,0,0,1,0,0,1,Current GC judge,0,2004-05-01,present,,,2004-05-01,present,,,,
189,503,1603,Constantinos Lycourgos,Constantinos,Lycourgos,Lycourgos,16,Cyprus,CY,1964,2,Male,0,1,0,0,0,1,Current CJ judge,0,2014-10-07,present,2014-10-07,present,,,,,,
190,504,1604,Anna Marcoulli,Anna,Marcoulli,Marcoulli,16,Cyprus,CY,1978,1,Female,1,0,1,0,0,1,Current GC judge,0,2016-04-13,present,,,2016-04-13,present,,,,
191,,1605,Nicholas Emiliou,Nicholas,Emiliou,Emiliou,16,Cyprus,CY,1963,2,Male,0,0,0,0,1,1,Current AG,0,2021-10-07,present,2021-10-07,present,,,,,,
192,601,1701,Jiří Malenovský,Jiří,Malenovský,Malenovsky,17,Czech Republic,CZ,1950,2,Male,0,1,0,0,0,1,Former CJ judge,0,2004-05-01,2020-10-06,2004-05-01,2020-10-06,,,,,,
193,602,1702,Irena Pelikánová,Irena,Pelikánová,Pelikanova,17,Czech Republic,CZ,1949,1,Female,1,0,1,0,0,1,Former GC judge,0,2004-05-01,2019-09-26,,,2004-05-01,2019-09-26,,,,
194,604,1703,Michal Bobek,Michal,Bobek,Bobek,17,Czech Republic,CZ,1977,2,Male,0,0,0,0,1,1,Former AG,0,2015-10-07,2021-10-07,,,,,,,2015-10-07,2021-10-07
195,603,1704,Jan Passer,Jan,Passer,Passer,17,Czech Republic,CZ,1974,2,Male,0,1,1,0,0,2,Current CJ judge; Former GC judge,0,2016-09-19,present,2020-10-06,present,2016-09-19,2020-10-06,,,,
196,605,1705,Petra Škvařilová-Pelzl,Petra,Škvařilová-Pelzl,Skvarilova-Pelzl,17,Czech Republic,CZ,1975,1,Female,1,0,1,0,0,1,Current GC judge,0,2019-09-26,present,,,2019-09-26,present,,,,
197,,1706,David Petrlík,David,Petrlík,Petrlik,17,Czech Republic,CZ,1978,2,Male,0,0,1,0,0,1,Current GC judge,0,2021-03-01,present,,,2021-03-01,present,,,,
198,801,1802,Uno Lõhmus,Uno,Lõhmus,Lohmus,18,Estonia,EE,1952,2,Male,0,1,0,0,0,1,Former CJ judge,0,2004-05-01,2013-10-06,2004-05-01,2013-10-06,,,,,,
199,803,1801,Küllike Jürimäe,Küllike,Jürimäe,Jurimae,18,Estonia,EE,1962,1,Female,1,1,1,0,0,2,Current CJ judge; Former GC judge,0,2004-05-12,present,2013-10-23,present,2004-05-12,2013-10-23,,,,
200,804,1803,Lauri Madise,Lauri,Madise,Madise,18,Estonia,EE,1974,2,Male,0,0,1,0,0,1,Current GC judge,0,2013-10-06,present,,,2013-10-06,present,,,,
201,805,1804,Priit Pikamäe,Priit,Pikamäe,Pikamae,18,Estonia,EE,1973,2,Male,0,0,0,0,1,1,Current AG,0,2019-02-06,present,,,,,,,2019-02-06,present
202,806,1805,Iko Nõmm,Iko,Nõmm,Nomm,18,Estonia,EE,1977,2,Male,0,0,1,0,0,1,Current GC judge,0,2019-09-26,present,,,2019-09-26,present,,,,
203,1302,1901,Ottó Czúcz,Ottó,Czúcz,Czucz,19,Hungary,HU,1946,2,Male,0,0,1,0,0,1,Former GC judge,0,2004-05-01,2016-08-31,,,2004-05-01,2016-08-31,,,,
204,1301,1902,Endre Juhász,Endre,Juhász,Juhasz,19,Hungary,HU,1944,2,Male,0,1,0,0,0,1,Former CJ judge,0,2004-05-11,2021-10-07,2004-05-11,2021-10-07,,,,,,
205,1303,1903,Zoltán Csehi,Zoltán,Csehi,Csehi,19,Hungary,HU,1965,2,Male,0,1,1,0,0,2,Current CJ judge; Former GC judge,0,2016-04-13,present,2021-10-07,present,2016-04-13,2021-10-07,,,,
206,1304,1904,Barna Berke,Barna,Berke,Berke,19,Hungary,HU,1966,2,Male,0,0,1,0,0,1,Former GC judge,0,2016-09-19,2021-08-01,,,2016-09-19,2021-08-01,,,,
207,1602,2001,Ingrida Labucka,Ingrida,Labucka,Labucka,20,Latvia,LV,1963,1,Female,1,0,1,0,0,1,Former GC judge,0,2004-05-01,2020-02-25,,,2004-05-01,2020-02-25,,,,
208,1601,2002,Egils Levits,Egils,Levits,Levits,20,Latvia,LV,1955,2,Male,0,1,0,0,0,1,Former CJ judge,0,2004-05-01,2019-06-17,2004-05-01,2019-06-17,,,,,,
209,1603,2003,Inga Reine,Inga,Reine,Reine,20,Latvia,LV,1975,1,Female,1,0,1,0,0,1,Current GC judge,0,2016-06-08,present,,,2016-06-08,present,,,,
210,,2004,Pēteris Zilgalvis,Pēteris,Zilgalvis,Zilgalvis,20,Latvia,LV,1964,2,Male,0,0,1,0,0,1,Current GC judge,0,2021-09-27,present,,,2021-09-27,present,,,,
211,,2005,Laila Medina,Laila,Medina,Medina,20,Latvia,LV,1971,1,Female,1,0,0,0,1,1,Current AG,0,2021-10-07,present,2021-10-07,present,,,,,,
212,,2006,Ineta Ziemele,Ineta,Ziemele,Ziemele,20,Latvia,LV,1970,1,Female,1,1,0,0,0,1,Current CJ judge,0,2021-10-07,present,2021-10-07,present,,,,,,
213,1701,2101,Pranas Kūris,Pranas,Kūris,Kuris,21,Lithuania,LT,1938,2,Male,0,1,0,0,0,1,Former CJ judge,0,2004-05-01,2012-10-06,2004-05-01,2012-10-06,,,,,,
214,1702,2102,Vilenas Vadapalas,Vilenas,Vadapalas,Vadapalas,21,Lithuania,LT,1954,2,Male,0,0,1,0,0,1,Former GC judge,0,2004-05-01,2013-08-31,,,2004-05-01,2013-08-31,,,,
215,1703,2103,Egidijus Jarašiūnas,Egidijus,Jarašiūnas,Jarasiunas,21,Lithuania,LT,1952,2,Male,0,1,0,0,0,1,Former CJ judge,0,2010-10-06,2018-10-08,2010-10-06,2018-10-08,,,,,,
216,1704,2104,Egidijus Bieliūnas,Egidijus,Bieliūnas,Bieliunas,21,Lithuania,LT,1950,2,Male,0,0,1,0,0,1,Former GC judge,0,2013-09-01,2019-09-26,,,2013-09-01,2019-09-26,,,,
217,1705,2105,Virgilijus Valančius,Virgilijus,Valančius,Valancius,21,Lithuania,LT,1963,2,Male,0,0,1,0,0,1,Current GC judge,0,2016-04-13,present,,,2016-04-13,present,,,,
218,1706,2106,Irmantas Jarukaitis,Irmantas,Jarukaitis,Jarukaitis,21,Lithuania,LT,1973,2,Male,0,1,0,0,0,1,Current CJ judge,0,2018-10-07,present,2018-10-07,present,,,,,,
219,1707,2107,Rimvydas Norkus,Rimvydas,Norkus,Norkus,21,Lithuania,LT,1979,2,Male,0,0,1,0,0,1,Current GC judge,0,2019-09-26,present,,,2019-09-26,present,,,,
220,1901,2201,Anthony Borg Barthet,Anthony,Borg Barthet,Borg Barthet,22,Malta,MT,1947,2,Male,0,1,0,0,0,1,Former CJ judge,0,2004-05-01,2018-10-08,2004-05-01,2018-10-08,,,,,,
221,1902,2202,Ena Cremona,Ena,Cremona,Cremona,22,Malta,MT,1936,1,Female,1,0,1,0,0,1,Former GC judge,0,2004-05-01,2012-09-22,,,2004-05-01,2012-09-22,,,,
222,1903,2203,Eugène Buttigieg,Eugène,Buttigieg,Buttigieg,22,Malta,MT,1961,2,Male,0,0,1,0,0,1,Current GC judge,0,2012-09-22,present,,,2012-09-22,present,,,,
223,1904,2204,Peter George Xuereb,Peter George,Xuereb,Xuereb,22,Malta,MT,1954,2,Male,0,1,1,0,0,2,Current CJ judge; Former GC judge,0,2016-04-13,present,2018-10-08,present,2016-04-13,2018-10-08,,,,
224,1905,2205,Ramona Frendo,Ramona,Frendo,Frendo,22,Malta,MT,1971,1,Female,1,0,1,0,0,1,Current GC judge,0,2019-03-20,present,,,2019-03-20,present,,,,
225,2101,2301,Jerzy Makarczyk,Jerzy,Makarczyk,Makarczyk,23,Poland,PL,1938,2,Male,0,1,0,0,0,1,Former CJ judge,0,2004-05-01,2009-10-06,2004-05-01,2009-10-06,,,,,,
226,2102,2302,Irena Wiszniewska-Białecka,Irena,Wiszniewska-Białecka,Wiszniewska-Bialecka,23,Poland,PL,1957,1,Female,1,0,1,0,0,1,Former GC judge,0,2004-05-01,2016-09-19,,,2004-05-01,2016-09-19,,,,
227,2107,2303,Irena Boruta,Irena,Boruta,Boruta,23,Poland,PL,1950,1,Female,1,0,0,1,0,1,Former CST judge,0,2005-10-06,2013-10-07,,,,,2005-10-06,2013-10-07,,
228,2103,2304,Marek Safjan,Marek,Safjan,Safjan,23,Poland,PL,1949,2,Male,0,1,0,0,0,1,Current CJ judge,0,2009-10-07,present,2009-10-07,present,,,,,,
229,2106,2305,Maciej Szpunar,Maciej,Szpunar,Szpunar,23,Poland,PL,1971,2,Male,0,0,0,0,1,1,Current AG,0,2013-10-23,present,,,,,,,2013-10-23,present
230,2104,2306,Nina Półtorak,Nina,Półtorak,Poltorak,23,Poland,PL,1971,1,Female,1,0,1,0,0,1,Current GC judge,0,2016-04-13,present,,,2016-04-13,present,,,,
231,2105,2307,Krystyna Kowalik-Bańczyk,Krystyna,Kowalik-Bańczyk,Kowalik-Banczyk,23,Poland,PL,1976,2,Male,0,0,1,0,0,1,Current GC judge,0,2016-09-01,present,,,2016-09-01,present,,,,
232,2401,2401,Ján Klučka,Ján,Klučka,Klucka,24,Slovakia,SK,1951,2,Male,0,1,0,0,0,1,Former CJ judge,0,2004-05-01,2009-10-06,2004-05-01,2009-10-06,,,,,,
233,2402,2402,Daniel Šváby,Daniel,Šváby,Svaby,24,Slovakia,SK,1951,2,Male,0,1,1,0,0,2,Former CJ judge; Former GC judge,0,2004-05-12,2021-10-07,2009-10-07,2021-10-07,2004-05-12,2009-10-06,,,,
234,2404,2403,Ján Mazák,Ján,Mazák,Mazak,24,Slovakia,SK,1954,2,Male,0,0,0,0,1,1,Former AG,0,2006-10-07,2012-10-08,,,,,,,2006-10-07,2012-10-08
235,2403,2404,Juraj Schwarcz,Juraj,Schwarcz,Schwarcz,24,Slovakia,SK,1952,2,Male,0,0,1,0,0,1,Current GC judge,0,2009-10-07,present,,,2009-10-07,present,,,,
236,,2405,Miroslav Gavalec,Miroslav,Gavalec,Gavalec,24,Slovakia,SK,1961,2,Male,0,1,0,0,0,1,Current CJ judge,0,2021-10-07,present,2021-10-07,present,,,,,,
237,2501,2501,Marko Ilešič,Marko,Ilešič,Ilesic,25,Slovenia,SI,1947,2,Male,0,1,0,0,0,1,Current CJ judge,0,2004-05-01,present,2004-05-01,present,,,,,,
238,2502,2502,Verica Trstenjak,Verica,Trstenjak,Trstenjak,25,Slovenia,SI,1962,2,Male,0,0,1,0,1,2,Former GC judge; Former AG,0,2004-07-01,2012-11-28,,,2004-07-01,2006-10-06,,,2006-10-07,2012-11-28
239,2503,2503,Miro Prek,Miro,Prek,Prek,25,Slovenia,SI,1956,2,Male,0,0,1,0,0,1,Former GC judge,0,2006-10-06,2019-09-26,,,2006-10-06,2019-09-26,,,,
240,,2504,Maja Brkan,Maja,Brkan,Brkan,25,Slovenia,SI,1979,1,Female,1,0,1,0,0,1,Current GC judge,0,2021-07-06,present,,,2021-07-06,present,,,,
241,301,2601,Alexander Arabadjiev,Alexander,Arabadjiev,Arabadjiev,26,Bulgaria,BG,1949,2,Male,0,1,0,0,0,1,Current CJ judge,0,2007-01-01,present,2007-01-01,present,,,,,,
242,302,2602,Teodor Tchipev,Teodor,Tchipev,Tchipev,26,Bulgaria,BG,1940,2,Male,0,0,1,0,0,1,Former GC judge,0,2007-09-01,2011-09-12,,,2007-09-01,2011-09-12,,,,
243,303,2603,Mariyana Kancheva,Mariyana,Kancheva,Kancheva,26,Bulgaria,BG,1958,1,Female,1,0,1,0,0,1,Current GC judge,0,2011-09-12,present,,,2011-09-12,present,,,,
244,304,2604,Alexander Kornezov,Alexander,Kornezov,Kornezov,26,Bulgaria,BG,1978,2,Male,0,0,1,1,0,2,Current GC judge; Former CST judge,0,2016-04-13,present,,,2016-09-01,present,2016-04-13,2016-08-31,,
245,305,2605,Evgeni Tanchev,Evgeni,Tanchev,Tanchev,26,Bulgaria,BG,1952,2,Male,0,0,0,0,1,1,Former AG,0,2016-09-19,2021-10-07,,,,,,,2016-09-19,2021-10-07
246,2302,2701,Valeriu Ciucă,Valeriu,Ciucă,Ciuca,27,Romania,RO,1960,2,Male,0,0,1,0,0,1,Former GC judge,0,2007-01-01,2010-11-26,,,2007-01-01,2010-11-26,,,,
247,2301,2702,Camelia Toader,Camelia,Toader,Toader,27,Romania,RO,1963,1,Female,1,1,0,0,0,1,Former CJ judge,0,2007-01-12,2021-10-07,2007-01-12,2021-10-07,,,,,,
248,2303,2703,Andrei Popescu,Andrei,Popescu,Popescu,27,Romania,RO,1948,2,Male,0,0,1,0,0,1,Former GC judge,0,2010-11-26,2016-08-31,,,2010-11-26,2016-08-31,,,,
249,2304,2704,Octavia Spineanu-Matei,Octavia,Spineanu-Matei,Spineanu-Matei,27,Romania,RO,1967,1,Female,1,1,1,0,0,2,Current CJ judge; Former GC judge,0,2016-09-19,present,2021-10-07,present,2016-09-19,2021-10-07,,,,
250,2305,2705,Mirela Stancu,Mirela,Stancu,Stancu,27,Romania,RO,1974,1,Female,1,0,1,0,0,1,Current GC judge,0,2019-09-01,present,,,2019-09-01,present,,,,
251,401,2801,Siniša Rodin,Siniša,Rodin,Rodin,28,Croatia,HR,1965,2,Male,0,1,0,0,0,1,Current CJ judge,0,2013-07-01,present,2013-07-01,present,,,,,,
252,402,2802,Vesna Tomljenović,Vesna,Tomljenović,Tomljenovic,28,Croatia,HR,1956,1,Female,1,0,1,0,0,1,Current GC judge,0,2013-07-01,present,,,2013-07-01,present,,,,
253,403,2803,Tamara Perišin,Tamara,Perišin,Perisin,28,Croatia,HR,1979,1,Female,1,0,1,0,0,1,Current GC judge,0,2019-09-26,present,,,2019-09-26,present,,,,
254,,2804,Tamara Ćapeta,Tamara,Ćapeta,Capeta,28,Croatia,HR,1967,1,Female,1,0,0,0,1,1,Current AG,0,2021-10-07,present,2021-10-07,present,,,,,,