"key_id","judge_id","old_judge_id","full_name","first_name","last_name","last_name_latin","last_name_label","last_name_latin_label","member_state_id","member_state","member_state_code","birth_year","gender_id","gender","female","judge_court_of_justice","judge_general_court","judge_civil_service_tribunal","advocate_general","count_positions","current_status","current_member","non_consecutive","start_date","end_date","start_date_court_of_justice","end_date_court_of_justice","start_date_general_court","end_date_general_court","start_date_civil_service_tribunal","end_date_civil_service_tribunal","start_date_advocate_general","end_date_advocate_general"
1,"J0101",201,"Louis Delvaux","Louis","Delvaux","Delvaux","Delvaux","Delvaux",1,"Belgium","BE",1895,2,"Male",0,1,0,0,0,1,"Former CJ judge",0,0,1952-12-04,1958-10-07,1952-12-04,1958-10-07,NA,NA,NA,NA,NA,NA
2,"J0102",202,"Josse Mertens de Wilmars","Josse","Mertens de Wilmars","Mertens de Wilmars","Mertens de Wilmars","Mertens de Wilmars",1,"Belgium","BE",1912,2,"Male",0,1,0,0,0,1,"Former CJ judge",0,0,1967-10-09,1984-04-10,1967-10-09,1984-04-10,NA,NA,NA,NA,NA,NA
3,"J0103",203,"René Joliet","René","Joliet","Joliet","Joliet","Joliet",1,"Belgium","BE",1938,2,"Male",0,1,0,0,0,1,"Former CJ judge",0,0,1984-04-10,1995-07-15,1984-04-10,1995-07-15,NA,NA,NA,NA,NA,NA
4,"J0104",209,"Walter Van Gerven","Walter","Van Gerven","Van Gerven","Van Gerven","Van Gerven",1,"Belgium","BE",1935,2,"Male",0,0,0,0,1,1,"Former AG",0,0,1988-10-07,1994-10-06,NA,NA,NA,NA,NA,NA,1988-10-07,1994-10-06
5,"J0105",204,"Koen Lenaerts","Koen","Lenaerts","Lenaerts","Lenaerts","Lenaerts",1,"Belgium","BE",1954,2,"Male",0,1,1,0,0,2,"Current CJ judge; Former GC judge",1,0,1989-09-25,NA,2003-10-07,NA,1989-09-25,2003-10-06,NA,NA,NA,NA
6,"J0106",205,"Melchior Wathelet","Melchior","Wathelet","Wathelet","Wathelet","Wathelet",1,"Belgium","BE",1949,2,"Male",0,1,0,0,1,2,"Former CJ judge; Former AG",0,1,1995-09-08,2018-10-08,1995-09-08,2003-10-06,NA,NA,NA,NA,2012-10-08,2018-10-08
7,"J0107",206,"Franklin Dehousse","Franklin","Dehousse","Dehousse","Dehousse","Dehousse",1,"Belgium","BE",1959,2,"Male",0,0,1,0,0,1,"Former GC judge",0,0,2003-10-07,2016-08-31,NA,NA,2003-10-07,2016-08-31,NA,NA,NA,NA
8,"J0108",210,"Sean Van Raepenbusch","Sean","Van Raepenbusch","Van Raepenbusch","Van Raepenbusch","Van Raepenbusch",1,"Belgium","BE",1956,2,"Male",0,0,0,1,0,1,"Former CST judge",0,0,2005-10-06,2016-08-31,NA,NA,NA,NA,2005-10-06,2016-08-31,NA,NA
9,"J0109",207,"Paul Nihoul","Paul","Nihoul","Nihoul","Nihoul","Nihoul",1,"Belgium","BE",1963,2,"Male",0,0,1,0,0,1,"Current GC judge",1,0,2016-09-01,NA,NA,NA,2016-09-01,NA,NA,NA,NA,NA
10,"J0110",208,"Geert De Baere","Geert","De Baere","De Baere","De Baere","De Baere",1,"Belgium","BE",1979,2,"Male",0,0,1,0,0,1,"Current GC judge",1,0,2017-10-04,NA,NA,NA,2017-10-04,NA,NA,NA,NA,NA
11,"J0201",1013,"Maurice Lagrange","Maurice","Lagrange","Lagrange","Lagrange","Lagrange",2,"France","FR",1900,2,"Male",0,0,0,0,1,1,"Former AG",0,0,1952-12-04,1964-10-08,NA,NA,NA,NA,NA,NA,1952-12-04,1964-10-08
12,"J0202",1001,"Jacques Rueff","Jacques","Rueff","Rueff","Rueff","Rueff",2,"France","FR",1896,2,"Male",0,1,0,0,0,1,"Former CJ judge",0,0,1952-12-04,1962-05-18,1952-12-04,1962-05-18,NA,NA,NA,NA,NA,NA
13,"J0203",1002,"Robert Lecourt","Robert","Lecourt","Lecourt","Lecourt","Lecourt",2,"France","FR",1908,2,"Male",0,1,0,0,0,1,"Former CJ judge",0,0,1962-05-18,1976-10-06,1962-05-18,1976-10-06,NA,NA,NA,NA,NA,NA
14,"J0204",1020,"Joseph Gand","Joseph","Gand","Gand","Gand","Gand",2,"France","FR",1913,2,"Male",0,0,0,0,1,1,"Former AG",0,0,1964-10-08,1970-10-06,NA,NA,NA,NA,NA,NA,1964-10-08,1970-10-06
15,"J0205",1014,"Alain Louis Dutheillet de Lamothe","Alain Louis","Dutheillet de Lamothe","Dutheillet de Lamothe","Dutheillet de Lamothe","Dutheillet de Lamothe",2,"France","FR",1919,2,"Male",0,0,0,0,1,1,"Former AG",0,0,1970-10-07,1972-01-02,NA,NA,NA,NA,NA,NA,1970-10-07,1972-01-02
16,"J0206",1015,"Henri Mayras","Henri","Mayras","Mayras","Mayras","Mayras",2,"France","FR",1920,2,"Male",0,0,0,0,1,1,"Former AG",0,0,1972-03-22,1981-03-18,NA,NA,NA,NA,NA,NA,1972-03-22,1981-03-18
17,"J0207",1003,"Adolphe Touffait","Adolphe","Touffait","Touffait","Touffait","Touffait",2,"France","FR",1907,2,"Male",0,1,0,0,0,1,"Former CJ judge",0,0,1976-10-14,1982-10-06,1976-10-14,1982-10-06,NA,NA,NA,NA,NA,NA
18,"J0208",1016,"Simone Rozès","Simone","Rozès","Rozes","Rozès","Rozes",2,"France","FR",1920,1,"Female",1,0,0,0,1,1,"Former AG",0,0,1981-03-18,1984-02-13,NA,NA,NA,NA,NA,NA,1981-03-18,1984-02-13
19,"J0209",1004,"Fernand Grévisse","Fernand","Grévisse","Grevisse","Grévisse","Grevisse",2,"France","FR",1924,2,"Male",0,1,0,0,0,1,"Former CJ judge",0,1,1981-04-01,1994-10-06,1981-04-01,1994-10-06,NA,NA,NA,NA,NA,NA
20,"J0210",1005,"Yves Galmot","Yves","Galmot","Galmot","Galmot","Galmot",2,"France","FR",1931,2,"Male",0,1,0,0,0,1,"Former CJ judge",0,0,1982-10-07,1988-10-06,1982-10-07,1988-10-06,NA,NA,NA,NA,NA,NA
21,"J0211",1017,"Marco Darmon","Marco","Darmon","Darmon","Darmon","Darmon",2,"France","FR",1930,2,"Male",0,0,0,0,1,1,"Former AG",0,0,1984-02-13,1994-10-06,NA,NA,NA,NA,NA,NA,1984-02-13,1994-10-06
22,"J0212",1006,"Jacques Biancarelli","Jacques","Biancarelli","Biancarelli","Biancarelli","Biancarelli",2,"France","FR",1948,2,"Male",0,0,1,0,0,1,"Former GC judge",0,0,1989-09-01,1995-08-31,NA,NA,1989-09-01,1995-08-31,NA,NA,NA,NA
23,"J0213",1018,"Philippe Léger","Philippe","Léger","Leger","Léger","Leger",2,"France","FR",1938,2,"Male",0,0,0,0,1,1,"Former AG",0,0,1994-10-07,2006-10-06,NA,NA,NA,NA,NA,NA,1994-10-07,2006-10-06
24,"J0214",1007,"Jean-Pierre Puissochet","Jean-Pierre","Puissochet","Puissochet","Puissochet","Puissochet",2,"France","FR",1936,2,"Male",0,1,0,0,0,1,"Former CJ judge",0,0,1994-10-07,2006-10-06,1994-10-07,2006-10-06,NA,NA,NA,NA,NA,NA
25,"J0215",1008,"André Potocki","André","Potocki","Potocki","Potocki","Potocki",2,"France","FR",1950,2,"Male",0,0,1,0,0,1,"Former GC judge",0,0,1995-09-01,2001-08-31,NA,NA,1995-09-01,2001-08-31,NA,NA,NA,NA
26,"J0216",1009,"Hubert Legal","Hubert","Legal","Legal","Legal","Legal",2,"France","FR",1954,2,"Male",0,0,1,0,0,1,"Former GC judge",0,0,2001-09-01,2007-08-31,NA,NA,2001-09-01,2007-08-31,NA,NA,NA,NA
27,"J0217",1012,"Stéphane Gervasoni","Stéphane","Gervasoni","Gervasoni","Gervasoni","Gervasoni",2,"France","FR",1967,2,"Male",0,0,1,1,0,2,"Current GC judge; Former CST judge",1,1,2005-10-01,NA,NA,NA,2013-09-01,NA,2005-10-01,2011-09-30,NA,NA
28,"J0218",1010,"Jean-Claude Bonichot","Jean-Claude","Bonichot","Bonichot","Bonichot","Bonichot",2,"France","FR",1955,2,"Male",0,1,0,0,0,1,"Current CJ judge",1,0,2006-10-07,NA,2006-10-07,NA,NA,NA,NA,NA,NA,NA
29,"J0219",1019,"Yves Bot","Yves","Bot","Bot","Bot","Bot",2,"France","FR",1947,2,"Male",0,0,0,0,1,1,"Former AG",0,0,2006-10-07,2019-06-09,NA,NA,NA,NA,NA,NA,2006-10-07,2019-06-09
30,"J0220",1011,"Laurent Truchot","Laurent","Truchot","Truchot","Truchot","Truchot",2,"France","FR",1962,2,"Male",0,0,1,0,0,1,"Current GC judge",1,1,2007-09-01,NA,NA,NA,2007-09-01,NA,NA,NA,NA,NA
31,"J0221",1022,"Jean Richard de la Tour","Jean Richard","de la Tour","de la Tour","de la Tour","de la Tour",2,"France","FR",1959,2,"Male",0,0,0,0,1,1,"Current AG",1,0,2020-03-23,NA,NA,NA,NA,NA,NA,NA,2020-03-23,NA
32,"J0301",1101,"Otto Riese","Otto","Riese","Riese","Riese","Riese",3,"Germany","DE",1894,2,"Male",0,1,0,0,0,1,"Former CJ judge",0,0,1952-12-04,1963-01-24,1952-12-04,1963-01-24,NA,NA,NA,NA,NA,NA
33,"J0302",1113,"Karl Roemer","Karl","Roemer","Roemer","Roemer","Roemer",3,"Germany","DE",1899,2,"Male",0,0,0,0,1,1,"Former AG",0,0,1953-10-01,1973-10-01,NA,NA,NA,NA,NA,NA,1953-10-01,1973-10-01
34,"J0303",1102,"Walter Strauss","Walter","Strauss","Strauss","Strauss","Strauss",3,"Germany","DE",1900,2,"Male",0,1,0,0,0,1,"Former CJ judge",0,0,1963-02-06,1970-10-06,1963-02-06,1970-10-06,NA,NA,NA,NA,NA,NA
35,"J0304",1103,"Hans Kutscher","Hans","Kutscher","Kutscher","Kutscher","Kutscher",3,"Germany","DE",1911,2,"Male",0,1,0,0,0,1,"Former CJ judge",0,0,1970-10-07,1980-10-30,1970-10-07,1980-10-30,NA,NA,NA,NA,NA,NA
36,"J0305",1114,"Gerhard Reischl","Gerhard","Reischl","Reischl","Reischl","Reischl",3,"Germany","DE",1918,2,"Male",0,0,0,0,1,1,"Former AG",0,0,1973-10-09,1984-01-11,NA,NA,NA,NA,NA,NA,1973-10-09,1984-01-11
37,"J0306",1104,"Ulrich Everling","Ulrich","Everling","Everling","Everling","Everling",3,"Germany","DE",1925,2,"Male",0,1,0,0,0,1,"Former CJ judge",0,0,1980-10-30,1988-10-06,1980-10-30,1988-10-06,NA,NA,NA,NA,NA,NA
38,"J0307",1105,"Kai Bahlmann","Kai","Bahlmann","Bahlmann","Bahlmann","Bahlmann",3,"Germany","DE",1927,2,"Male",0,1,0,0,0,1,"Former CJ judge",0,0,1982-10-07,1988-10-06,1982-10-07,1988-10-06,NA,NA,NA,NA,NA,NA
39,"J0308",1115,"Carl Otto Lenz","Carl Otto","Lenz","Lenz","Lenz","Lenz",3,"Germany","DE",1930,2,"Male",0,0,0,0,1,1,"Former AG",0,0,1984-01-11,1997-10-06,NA,NA,NA,NA,NA,NA,1984-01-11,1997-10-06
40,"J0309",1106,"Manfred Zuleeg","Manfred","Zuleeg","Zuleeg","Zuleeg","Zuleeg",3,"Germany","DE",1935,2,"Male",0,1,0,0,0,1,"Former CJ judge",0,0,1988-10-07,1994-10-06,1988-10-07,1994-10-06,NA,NA,NA,NA,NA,NA
41,"J0310",1107,"Heinrich Kirschner","Heinrich","Kirschner","Kirschner","Kirschner","Kirschner",3,"Germany","DE",1938,2,"Male",0,0,1,0,0,1,"Former GC judge",0,0,1989-09-01,1997-02-06,NA,NA,1989-09-01,1997-02-06,NA,NA,NA,NA
42,"J0311",1108,"Günter Hirsch","Günter","Hirsch","Hirsch","Hirsch","Hirsch",3,"Germany","DE",1943,2,"Male",0,1,0,0,0,1,"Former CJ judge",0,0,1994-10-07,2000-07-14,1994-10-07,2000-07-14,NA,NA,NA,NA,NA,NA
43,"J0312",1109,"Jörg Pirrung","Jörg","Pirrung","Pirrung","Pirrung","Pirrung",3,"Germany","DE",1940,2,"Male",0,0,1,0,0,1,"Former GC judge",0,0,1997-06-11,2007-08-31,NA,NA,1997-06-11,2007-08-31,NA,NA,NA,NA
44,"J0313",1116,"Siegbert Alber","Siegbert","Alber","Alber","Alber","Alber",3,"Germany","DE",1936,2,"Male",0,0,0,0,1,1,"Former AG",0,0,1997-10-07,2003-10-06,NA,NA,NA,NA,NA,NA,1997-10-07,2003-10-06
45,"J0314",1110,"Ninon Colneric","Ninon","Colneric","Colneric","Colneric","Colneric",3,"Germany","DE",1948,1,"Female",1,1,0,0,0,1,"Former CJ judge",0,0,2000-07-15,2006-10-06,2000-07-15,2006-10-06,NA,NA,NA,NA,NA,NA
46,"J0315",1117,"Juliane Kokott","Juliane","Kokott","Kokott","Kokott","Kokott",3,"Germany","DE",1957,1,"Female",1,0,0,0,1,1,"Current AG",1,0,2003-10-07,NA,NA,NA,NA,NA,NA,NA,2003-10-07,NA
47,"J0316",1118,"Horstpeter Kreppel","Horstpeter","Kreppel","Kreppel","Kreppel","Kreppel",3,"Germany","DE",1945,2,"Male",0,0,0,1,0,1,"Former CST judge",0,0,2005-10-06,2016-04-13,NA,NA,NA,NA,2005-10-06,2016-04-13,NA,NA
48,"J0317",1111,"Thomas von Danwitz","Thomas","von Danwitz","von Danwitz","von Danwitz","von Danwitz",3,"Germany","DE",1962,2,"Male",0,1,0,0,0,1,"Current CJ judge",1,0,2006-10-07,NA,2006-10-07,NA,NA,NA,NA,NA,NA,NA
49,"J0318",1112,"Alfred Dittrich","Alfred","Dittrich","Dittrich","Dittrich","Dittrich",3,"Germany","DE",1950,2,"Male",0,0,1,0,0,1,"Former GC judge",0,0,2007-09-01,2019-09-26,NA,NA,2007-09-01,2019-09-26,NA,NA,NA,NA
50,"J0319",1120,"Johannes Christoph Laitenberger","Johannes Christoph","Laitenberger","Laitenberger","Laitenberger","Laitenberger",3,"Germany","DE",1964,2,"Male",0,0,1,0,0,1,"Current GC judge",1,0,2019-09-26,NA,NA,NA,2019-09-26,NA,NA,NA,NA,NA
51,"J0320",1121,"Gabriele Steinfatt","Gabriele","Steinfatt","Steinfatt","Steinfatt","Steinfatt",3,"Germany","DE",1977,1,"Female",1,0,1,0,0,1,"Current GC judge",1,0,2019-09-26,NA,NA,NA,2019-09-26,NA,NA,NA,NA,NA
52,"J0401",1501,"Massimo Pilotti","Massimo","Pilotti","Pilotti","Pilotti","Pilotti",4,"Italy","IT",1879,2,"Male",0,1,0,0,0,1,"Former CJ judge",0,0,1952-12-04,1958-10-06,1952-12-04,1958-10-06,NA,NA,NA,NA,NA,NA
53,"J0402",1503,"Nicola Catalano","Nicola","Catalano","Catalano","Catalano","Catalano",4,"Italy","IT",1910,2,"Male",0,1,0,0,0,1,"Former CJ judge",0,0,1958-10-07,1962-01-01,1958-10-07,1962-01-01,NA,NA,NA,NA,NA,NA
54,"J0403",1502,"Rino Rossi","Rino","Rossi","Rossi","Rossi, R.","Rossi, R.",4,"Italy","IT",1889,2,"Male",0,1,0,0,0,1,"Former CJ judge",0,0,1958-10-07,1964-10-06,1958-10-07,1964-10-06,NA,NA,NA,NA,NA,NA
55,"J0404",1504,"Alberto Trabucchi","Alberto","Trabucchi","Trabucchi","Trabucchi","Trabucchi",4,"Italy","IT",1907,2,"Male",0,1,0,0,1,2,"Former CJ judge; Former AG",0,0,1962-03-08,1976-10-06,1962-03-08,1972-12-12,NA,NA,NA,NA,1973-01-09,1976-10-06
56,"J0405",1505,"Riccardo Monaco","Riccardo","Monaco","Monaco","Monaco","Monaco",4,"Italy","IT",1909,2,"Male",0,1,0,0,0,1,"Former CJ judge",0,0,1964-10-08,1975-10-07,1964-10-08,1975-10-07,NA,NA,NA,NA,NA,NA
57,"J0406",1506,"Francesco Capotorti","Francesco","Capotorti","Capotorti","Capotorti","Capotorti",4,"Italy","IT",1925,2,"Male",0,1,0,0,1,2,"Former CJ judge; Former AG",0,0,1976-01-20,1982-10-06,1976-01-20,1976-10-06,NA,NA,NA,NA,1976-10-07,1982-10-06
58,"J0407",1507,"Giacinto Bosco","Giacinto","Bosco","Bosco","Bosco","Bosco",4,"Italy","IT",1905,2,"Male",0,1,0,0,0,1,"Former CJ judge",0,0,1976-10-07,1988-10-06,1976-10-07,1988-10-06,NA,NA,NA,NA,NA,NA
59,"J0408",1508,"Giuseppe Federico Mancini","Giuseppe Federico","Mancini","Mancini","Mancini","Mancini",4,"Italy","IT",1927,2,"Male",0,1,0,0,1,2,"Former CJ judge; Former AG",0,0,1982-10-07,1999-07-21,1988-10-07,1999-07-21,NA,NA,NA,NA,1982-10-07,1988-10-06
60,"J0409",1517,"Giuseppe Tesauro","Giuseppe","Tesauro","Tesauro","Tesauro","Tesauro",4,"Italy","IT",1942,2,"Male",0,0,0,0,1,1,"Former AG",0,0,1988-10-07,1998-03-04,NA,NA,NA,NA,NA,NA,1988-10-07,1998-03-04
61,"J0410",1509,"Antonio Saggio","Antonio","Saggio","Saggio","Saggio","Saggio",4,"Italy","IT",1934,2,"Male",0,0,1,0,1,2,"Former GC judge; Former AG",0,0,1989-09-01,2000-10-06,NA,NA,1989-09-01,1998-03-04,NA,NA,1998-03-05,2000-10-06
62,"J0411",1510,"Antonio Mario La Pergola","Antonio Mario","La Pergola","La Pergola","La Pergola","La Pergola",4,"Italy","IT",1931,2,"Male",0,1,0,0,1,2,"Former CJ judge; Former AG",0,1,1994-10-07,2006-05-03,1994-10-07,2006-05-03,NA,NA,NA,NA,1995-01-01,1999-12-14
63,"J0412",1511,"Paolo Mengozzi","Paolo","Mengozzi","Mengozzi","Mengozzi","Mengozzi",4,"Italy","IT",1938,2,"Male",0,0,1,0,1,2,"Former GC judge; Former AG",0,0,1998-03-04,2018-10-08,NA,NA,1998-03-04,2006-05-03,NA,NA,2006-05-04,2018-10-08
64,"J0413",1513,"Antonio Tizzano","Antonio","Tizzano","Tizzano","Tizzano","Tizzano",4,"Italy","IT",1940,2,"Male",0,1,0,0,1,2,"Former CJ judge; Former AG",0,0,2000-10-07,2018-10-08,2006-05-04,2018-10-08,NA,NA,NA,NA,2000-10-07,2006-05-03
65,"J0414",1512,"Enzo Moavero Milanesi","Enzo","Moavero Milanesi","Moavero Milanesi","Moavero Milanesi","Moavero Milanesi",4,"Italy","IT",1954,2,"Male",0,0,1,0,0,1,"Former GC judge",0,0,2006-05-03,2011-11-15,NA,NA,2006-05-03,2011-11-15,NA,NA,NA,NA
66,"J0415",1515,"Ezio Perillo","Ezio","Perillo","Perillo","Perillo","Perillo",4,"Italy","IT",1950,2,"Male",0,0,1,1,0,2,"Former GC judge; Former CST judge",0,0,2011-10-06,2016-09-19,NA,NA,2016-09-19,2019-09-26,2011-10-06,2016-08-31,NA,NA
67,"J0416",1514,"Guido Berardis","Guido","Berardis","Berardis","Berardis","Berardis",4,"Italy","IT",1950,2,"Male",0,0,1,0,0,1,"Former GC judge",0,0,2012-09-07,2019-09-26,NA,NA,2012-09-07,2019-09-26,NA,NA,NA,NA
68,"J0417",1518,"Giovanni Pitruzzella","Giovanni","Pitruzzella","Pitruzzella","Pitruzzella","Pitruzzella",4,"Italy","IT",1959,2,"Male",0,0,0,0,1,1,"Current AG",1,0,2018-10-08,NA,NA,NA,NA,NA,NA,NA,2018-10-08,NA
69,"J0418",1516,"Lucia Serena Rossi","Lucia Serena","Rossi","Rossi","Rossi, L.","Rossi, L.",4,"Italy","IT",1958,1,"Female",1,1,0,0,0,1,"Current CJ judge",1,0,2018-10-08,NA,2018-10-08,NA,NA,NA,NA,NA,NA,NA
70,"J0419",1519,"Roberto Mastroianni","Roberto","Mastroianni","Mastroianni","Mastroianni","Mastroianni",4,"Italy","IT",1964,2,"Male",0,0,1,0,0,1,"Current GC judge",1,0,2019-09-26,NA,NA,NA,2019-09-26,NA,NA,NA,NA,NA
71,"J0420",1520,"Ornella Porchia","Ornella","Porchia","Porchia","Porchia","Porchia",4,"Italy","IT",1966,1,"Female",1,0,1,0,0,1,"Current GC judge",1,0,2019-09-26,NA,NA,NA,2019-09-26,NA,NA,NA,NA,NA
72,"J0501",1801,"Charles Léon Hammes","Charles Léon","Hammes","Hammes","Hammes","Hammes",5,"Luxembourg","LU",1898,2,"Male",0,1,0,0,0,1,"Former CJ judge",0,0,1952-12-04,1967-10-09,1952-12-04,1967-10-09,NA,NA,NA,NA,NA,NA
73,"J0502",1802,"Pierre Pescatore","Pierre","Pescatore","Pescatore","Pescatore","Pescatore",5,"Luxembourg","LU",1919,2,"Male",0,1,0,0,0,1,"Former CJ judge",0,0,1967-10-09,1985-10-06,1967-10-09,1985-10-06,NA,NA,NA,NA,NA,NA
74,"J0503",1803,"Fernand Schockweiler","Fernand","Schockweiler","Schockweiler","Schockweiler","Schockweiler",5,"Luxembourg","LU",1935,2,"Male",0,1,0,0,0,1,"Former CJ judge",0,0,1985-10-07,1996-06-01,1985-10-07,1996-06-01,NA,NA,NA,NA,NA,NA
75,"J0504",1809,"Jean Mischo","Jean","Mischo","Mischo","Mischo","Mischo",5,"Luxembourg","LU",1938,2,"Male",0,0,0,0,1,1,"Former AG",0,1,1986-01-13,2003-10-06,NA,NA,NA,NA,NA,NA,1986-01-13,2003-10-06
76,"J0505",1804,"Romain Schintgen","Romain","Schintgen","Schintgen","Schintgen","Schintgen",5,"Luxembourg","LU",1939,2,"Male",0,1,1,0,0,2,"Former CJ judge; Former GC judge",0,0,1989-09-25,2008-01-14,1996-07-12,2008-01-14,1989-09-25,1996-07-11,NA,NA,NA,NA
77,"J0506",1805,"Marc Jaeger","Marc","Jaeger","Jaeger","Jaeger","Jaeger",5,"Luxembourg","LU",1954,2,"Male",0,0,1,0,0,1,"Current GC judge",1,0,1996-07-11,NA,NA,NA,1996-07-11,NA,NA,NA,NA,NA
78,"J0507",1806,"Jean-Jacques Kasel","Jean-Jacques","Kasel","Kasel","Kasel","Kasel",5,"Luxembourg","LU",1946,2,"Male",0,1,0,0,0,1,"Former CJ judge",0,0,2008-01-15,2013-10-06,2008-01-15,2013-10-06,NA,NA,NA,NA,NA,NA
79,"J0508",1807,"François Biltgen","François","Biltgen","Biltgen","Biltgen","Biltgen",5,"Luxembourg","LU",1958,2,"Male",0,1,0,0,0,1,"Current CJ judge",1,0,2013-10-06,NA,2013-10-06,NA,NA,NA,NA,NA,NA,NA
80,"J0509",1808,"Dean Spielmann","Dean","Spielmann","Spielmann","Spielmann","Spielmann",5,"Luxembourg","LU",1962,2,"Male",0,0,1,0,0,1,"Current GC judge",1,0,2016-04-13,NA,NA,NA,2016-04-13,NA,NA,NA,NA,NA
81,"J0601",2001,"Petrus Serrarens","Petrus","Serrarens","Serrarens","Serrarens","Serrarens",6,"Netherlands","NL",1888,2,"Male",0,1,0,0,0,1,"Former CJ judge",0,0,1952-12-04,1958-10-06,1952-12-04,1958-10-06,NA,NA,NA,NA,NA,NA
82,"J0602",2002,"Adrianus van Kleffens","Adrianus","van Kleffens","van Kleffens","van Kleffens","van Kleffens",6,"Netherlands","NL",1899,2,"Male",0,1,0,0,0,1,"Former CJ judge",0,0,1952-12-04,1958-10-06,1952-12-04,1958-10-06,NA,NA,NA,NA,NA,NA
83,"J0603",2003,"Andreas Matthias Donner","Andreas Matthias","Donner","Donner","Donner","Donner",6,"Netherlands","NL",1918,2,"Male",0,1,0,0,0,1,"Former CJ judge",0,0,1958-10-07,1979-04-01,1958-10-07,1979-04-01,NA,NA,NA,NA,NA,NA
84,"J0604",2004,"Thymen Koopmans","Thymen","Koopmans","Koopmans","Koopmans","Koopmans",6,"Netherlands","NL",1929,2,"Male",0,1,0,0,0,1,"Former CJ judge",0,0,1979-04-01,1990-03-29,1979-04-01,1990-03-29,NA,NA,NA,NA,NA,NA
85,"J0605",2012,"Pieter verLoren van Themaat","Pieter","verLoren van Themaat","verLoren van Themaat","verLoren van Themaat","verLoren van Themaat",6,"Netherlands","NL",1916,2,"Male",0,0,0,0,1,1,"Former AG",0,0,1981-06-04,1986-01-13,NA,NA,NA,NA,NA,NA,1981-06-04,1986-01-13
86,"J0606",2005,"Cornelis Paulus Briët","Cornelis Paulus","Briët","Briet","Briët","Briet",6,"Netherlands","NL",1944,2,"Male",0,0,1,0,0,1,"Former GC judge",0,0,1989-09-01,1998-08-31,NA,NA,1989-09-01,1998-08-31,NA,NA,NA,NA
87,"J0607",2006,"Paul Joan George Kapteyn","Paul Joan George","Kapteyn","Kapteyn","Kapteyn","Kapteyn",6,"Netherlands","NL",1928,2,"Male",0,1,0,0,0,1,"Former CJ judge",0,0,1990-03-29,2000-10-06,1990-03-29,2000-10-06,NA,NA,NA,NA,NA,NA
88,"J0608",2007,"Arjen Meij","Arjen","Meij","Meij","Meij","Meij",6,"Netherlands","NL",1944,2,"Male",0,0,1,0,0,1,"Former GC judge",0,0,1992-09-01,2010-08-31,NA,NA,1992-09-01,2010-08-31,NA,NA,NA,NA
89,"J0609",2013,"Leendert Adrie Geelhoed","Leendert Adrie","Geelhoed","Geelhoed","Geelhoed","Geelhoed",6,"Netherlands","NL",1942,2,"Male",0,0,0,0,1,1,"Former AG",0,0,2000-10-07,2006-10-06,NA,NA,NA,NA,NA,NA,2000-10-07,2006-10-06
90,"J0610",2008,"Christiaan Willem Anton Timmermans","Christiaan Willem Anton","Timmermans","Timmermans","Timmermans","Timmermans",6,"Netherlands","NL",1941,2,"Male",0,1,0,0,0,1,"Former CJ judge",0,0,2000-10-07,2010-07-10,2000-10-07,2010-07-10,NA,NA,NA,NA,NA,NA
91,"J0611",2009,"Alexandra Prechal","Alexandra","Prechal","Prechal","Prechal","Prechal",6,"Netherlands","NL",1959,1,"Female",1,1,0,0,0,1,"Current CJ judge",1,0,2010-07-10,NA,2010-07-10,NA,NA,NA,NA,NA,NA,NA
92,"J0612",2010,"Marc van der Woude","Marc","van der Woude","van der Woude","van der Woude","van der Woude",6,"Netherlands","NL",1960,2,"Male",0,0,1,0,0,1,"Current GC judge",1,0,2010-09-01,NA,NA,NA,2010-09-01,NA,NA,NA,NA,NA
93,"J0613",2011,"René Barents","René","Barents","Barents","Barents","Barents",6,"Netherlands","NL",1951,2,"Male",0,0,1,1,0,2,"Current GC judge; Former CST judge",1,0,2011-10-06,NA,NA,NA,2016-09-01,NA,2011-10-06,2016-08-31,NA,NA
94,"J0701",701,"Max Sørensen","Max","Sørensen","Sorensen","Sørensen","Sorensen",7,"Denmark","DK",1913,2,"Male",0,1,0,0,0,1,"Former CJ judge",0,0,1973-01-01,1979-10-06,1973-01-01,1979-10-06,NA,NA,NA,NA,NA,NA
95,"J0702",702,"Ole Due","Ole","Due","Due","Due","Due",7,"Denmark","DK",1931,2,"Male",0,1,0,0,0,1,"Former CJ judge",0,0,1979-10-07,1994-10-06,1979-10-07,1994-10-06,NA,NA,NA,NA,NA,NA
96,"J0703",703,"Bo Vesterdorf","Bo","Vesterdorf","Vesterdorf","Vesterdorf","Vesterdorf",7,"Denmark","DK",1945,2,"Male",0,0,1,0,0,1,"Former GC judge",0,0,1989-09-01,2007-09-17,NA,NA,1989-09-01,2007-09-17,NA,NA,NA,NA
97,"J0704",704,"Claus Christian Gulmann","Claus Christian","Gulmann","Gulmann","Gulmann","Gulmann",7,"Denmark","DK",1942,2,"Male",0,1,0,0,1,2,"Former CJ judge; Former AG",0,0,1991-10-07,2006-01-10,1994-10-07,2006-01-10,NA,NA,NA,NA,1991-10-07,1994-10-06
98,"J0705",708,"Michael Bendik Elmer","Michael Bendik","Elmer","Elmer","Elmer","Elmer",7,"Denmark","DK",1949,2,"Male",0,0,0,0,1,1,"Former AG",0,0,1994-10-07,1997-12-18,NA,NA,NA,NA,NA,NA,1994-10-07,1997-12-18
99,"J0706",705,"Lars Bay Larsen","Lars","Bay Larsen","Bay Larsen","Bay Larsen","Bay Larsen",7,"Denmark","DK",1953,2,"Male",0,1,0,0,0,1,"Current CJ judge",1,0,2006-01-11,NA,2006-01-11,NA,NA,NA,NA,NA,NA,NA
100,"J0707",706,"Sten Frimodt Nielsen","Sten","Frimodt Nielsen","Frimodt Nielsen","Frimodt Nielsen","Frimodt Nielsen",7,"Denmark","DK",1963,2,"Male",0,0,1,0,0,1,"Current GC judge",1,0,2007-09-17,NA,NA,NA,2007-09-17,NA,NA,NA,NA,NA
101,"J0708",707,"Jesper Svenningsen","Jesper","Svenningsen","Svenningsen","Svenningsen","Svenningsen",7,"Denmark","DK",1966,2,"Male",0,0,1,1,0,2,"Current GC judge; Former CST judge",1,0,2013-10-07,NA,NA,NA,2016-09-01,NA,2013-10-07,2016-08-31,NA,NA
102,"J0709",709,"Henrik Saugmandsgaard Øe","Henrik","Saugmandsgaard Øe","Saugmandsgaard Oe","Saugmandsgaard Øe","Saugmandsgaard Oe",7,"Denmark","DK",1964,2,"Male",0,0,0,0,1,1,"Former AG",0,0,2015-10-07,2021-10-07,NA,NA,NA,NA,NA,NA,2015-10-07,2021-10-07
103,"J0801",1401,"Cearbhall O'Dalaigh","Cearbhall","O'Dalaigh","O'Dalaigh","O'Dalaigh","O'Dalaigh",8,"Ireland","IE",1911,2,"Male",0,1,0,0,0,1,"Former CJ judge",0,0,1973-01-01,1974-12-12,1973-01-01,1974-12-12,NA,NA,NA,NA,NA,NA
104,"J0802",1402,"Andreas O'Keeffe","Andreas","O'Keeffe","O'Keeffe","O'Keeffe","O'Keeffe",8,"Ireland","IE",1912,2,"Male",0,1,0,0,0,1,"Former CJ judge",0,0,1975-12-12,1984-12-31,1975-12-12,1984-12-31,NA,NA,NA,NA,NA,NA
105,"J0803",1403,"Thomas Francis O'Higgins","Thomas Francis","O'Higgins","O'Higgins","O'Higgins, T.","O'Higgins, T.",8,"Ireland","IE",1913,2,"Male",0,1,0,0,0,1,"Former CJ judge",0,0,1985-01-16,1991-10-06,1985-01-16,1991-10-06,NA,NA,NA,NA,NA,NA
106,"J0804",1404,"Donal Patrick Michael Barrington","Donal Patrick Michael","Barrington","Barrington","Barrington","Barrington",8,"Ireland","IE",1928,2,"Male",0,0,1,0,0,1,"Former GC judge",0,0,1989-09-01,1996-01-10,NA,NA,1989-09-01,1996-01-10,NA,NA,NA,NA
107,"J0805",1405,"John Murray","John","Murray","Murray","Murray","Murray",8,"Ireland","IE",1943,2,"Male",0,1,0,0,0,1,"Former CJ judge",0,0,1991-10-07,1999-10-09,1991-10-07,1999-10-09,NA,NA,NA,NA,NA,NA
108,"J0806",1414,"Nial Fennelly","Nial","Fennelly","Fennelly","Fennelly","Fennelly",8,"Ireland","IE",1942,2,"Male",0,0,0,0,1,1,"Former AG",0,0,1995-01-19,2000-10-06,NA,NA,NA,NA,NA,NA,1995-01-19,2000-10-06
109,"J0807",1406,"John Cooke","John","Cooke","Cooke","Cooke","Cooke",8,"Ireland","IE",1944,2,"Male",0,0,1,0,0,1,"Former GC judge",0,0,1996-01-10,2008-09-15,NA,NA,1996-01-10,2008-09-15,NA,NA,NA,NA
110,"J0808",1407,"Fidelma O'Kelly Macken","Fidelma","O'Kelly Macken","O'Kelly Macken","O'Kelly Macken","O'Kelly Macken",8,"Ireland","IE",1942,1,"Female",1,1,0,0,0,1,"Former CJ judge",0,0,1999-10-06,2004-10-13,1999-10-06,2004-10-13,NA,NA,NA,NA,NA,NA
111,"J0809",1408,"Aindrias Ó Caoimh","Aindrias","Ó Caoimh","O Caoimh","Ó Caoimh","O Caoimh",8,"Ireland","IE",1950,2,"Male",0,1,0,0,0,1,"Former CJ judge",0,0,2004-10-13,2015-10-06,2004-10-13,2015-10-06,NA,NA,NA,NA,NA,NA
112,"J0810",1409,"Kevin O'Higgins","Kevin","O'Higgins","O'Higgins","O'Higgins, K.","O'Higgins, K.",8,"Ireland","IE",1946,2,"Male",0,0,1,0,0,1,"Former GC judge",0,0,2008-09-15,2013-08-31,NA,NA,2008-09-15,2013-08-31,NA,NA,NA,NA
113,"J0811",1415,"Kieran Bradley","Kieran","Bradley","Bradley","Bradley","Bradley",8,"Ireland","IE",1957,2,"Male",0,0,0,1,0,1,"Former CST judge",0,0,2011-10-06,2016-08-31,NA,NA,NA,NA,2011-10-06,2016-08-31,NA,NA
114,"J0812",1410,"Anthony Michael Collins","Anthony Michael","Collins","Collins","Collins","Collins",8,"Ireland","IE",1960,2,"Male",0,0,1,0,1,2,"Current AG; Former GC judge",1,0,2013-09-16,NA,NA,NA,2013-09-16,2021-10-07,NA,NA,2021-10-07,NA
115,"J0813",1411,"Eugene Regan","Eugene","Regan","Regan","Regan","Regan",8,"Ireland","IE",1952,2,"Male",0,1,0,0,0,1,"Current CJ judge",1,0,2015-10-07,NA,2015-10-07,NA,NA,NA,NA,NA,NA,NA
116,"J0814",1412,"Colm Mac Eochaidh","Colm","Mac Eochaidh","Mac Eochaidh","Mac Eochaidh","Mac Eochaidh",8,"Ireland","IE",1963,2,"Male",0,0,1,0,0,1,"Current GC judge",1,0,2017-06-08,NA,NA,NA,2017-06-08,NA,NA,NA,NA,NA
117,"J0815",1413,"Gerard Hogan","Gerard","Hogan","Hogan","Hogan","Hogan",8,"Ireland","IE",1958,2,"Male",0,0,0,0,1,1,"Former AG",0,0,2018-10-08,2021-10-07,NA,NA,NA,NA,NA,NA,2018-10-08,2021-10-07
118,"J0901",2801,"Alexander Mackenzie Stuart","Alexander","Mackenzie Stuart","Mackenzie Stuart","Mackenzie Stuart","Mackenzie Stuart",9,"United Kingdom","UK",1924,2,"Male",0,1,0,0,0,1,"Former CJ judge",0,0,1973-01-01,1988-10-06,1973-01-01,1988-10-06,NA,NA,NA,NA,NA,NA
119,"J0902",2809,"Jean-Pierre Warner","Jean-Pierre","Warner","Warner","Warner","Warner",9,"United Kingdom","UK",1924,2,"Male",0,0,0,0,1,1,"Former AG",0,0,1973-01-09,1981-02-26,NA,NA,NA,NA,NA,NA,1973-01-09,1981-02-26
120,"J0903",2802,"Gordon Slynn","Gordon","Slynn","Slynn","Slynn","Slynn",9,"United Kingdom","UK",1930,2,"Male",0,1,0,0,1,2,"Former CJ judge; Former AG",0,0,1981-02-26,1992-03-10,1988-10-07,1992-03-10,NA,NA,NA,NA,1981-02-26,1988-10-06
121,"J0904",2810,"Francis Geoffrey Jacobs","Francis Geoffrey","Jacobs","Jacobs","Jacobs","Jacobs",9,"United Kingdom","UK",1939,2,"Male",0,0,0,0,1,1,"Former AG",0,0,1988-10-07,2006-01-10,NA,NA,NA,NA,NA,NA,1988-10-07,2006-01-10
122,"J0905",2803,"David Alexander Ogilvy Edward","David Alexander Ogilvy","Edward","Edward","Edward","Edward",9,"United Kingdom","UK",1934,2,"Male",0,1,1,0,0,2,"Former CJ judge; Former GC judge",0,0,1989-09-25,2004-01-07,1992-03-10,2004-01-07,1989-09-25,1992-03-09,NA,NA,NA,NA
123,"J0906",2804,"Christopher William Bellamy","Christopher William","Bellamy","Bellamy","Bellamy","Bellamy",9,"United Kingdom","UK",1946,2,"Male",0,0,1,0,0,1,"Former GC judge",0,0,1992-03-10,1999-12-15,NA,NA,1992-03-10,1999-12-15,NA,NA,NA,NA
124,"J0907",2805,"Nicholas James Forwood","Nicholas James","Forwood","Forwood","Forwood","Forwood",9,"United Kingdom","UK",1948,2,"Male",0,0,1,0,0,1,"Former GC judge",0,0,1999-12-02,2015-10-01,NA,NA,1999-12-02,2015-10-01,NA,NA,NA,NA
125,"J0908",2806,"Konrad Hermann Theodor Schiemann","Konrad Hermann Theodor","Schiemann","Schiemann","Schiemann","Schiemann",9,"United Kingdom","UK",1937,2,"Male",0,1,0,0,0,1,"Former CJ judge",0,0,2004-01-01,2012-10-06,2004-01-01,2012-10-06,NA,NA,NA,NA,NA,NA
126,"J0909",2812,"Paul John Mahoney","Paul John","Mahoney","Mahoney","Mahoney","Mahoney",9,"United Kingdom","UK",1946,2,"Male",0,0,0,1,0,1,"Former CST judge",0,0,2005-10-06,2011-10-06,NA,NA,NA,NA,2005-10-06,2011-10-06,NA,NA
127,"J0910",2811,"Eleanor Sharpston","Eleanor","Sharpston","Sharpston","Sharpston","Sharpston",9,"United Kingdom","UK",1955,1,"Female",1,0,0,0,1,1,"Former AG",0,0,2006-01-11,2020-09-10,NA,NA,NA,NA,NA,NA,2006-01-11,2020-09-10
128,"J0911",2807,"Christopher Vajda","Christopher","Vajda","Vajda","Vajda","Vajda",9,"United Kingdom","UK",1955,2,"Male",0,1,0,0,0,1,"Former CJ judge",0,0,2012-10-07,2020-01-31,2012-10-07,2020-01-31,NA,NA,NA,NA,NA,NA
129,"J0912",2808,"Ian Stewart Forrester","Ian Stewart","Forrester","Forrester","Forrester","Forrester",9,"United Kingdom","UK",1945,2,"Male",0,0,1,0,0,1,"Former GC judge",0,0,2015-10-01,2020-01-31,NA,NA,2015-10-01,2020-01-31,NA,NA,NA,NA
130,"J1001",1201,"Alexandros Chloros","Alexandros","Chloros","Chloros","Chloros","Chloros",10,"Greece","EL",1926,2,"Male",0,1,0,0,0,1,"Former CJ judge",0,0,1981-01-01,1982-11-16,1981-01-01,1982-11-16,NA,NA,NA,NA,NA,NA
131,"J1002",1202,"Constantinos Kakouris","Constantinos","Kakouris","Kakouris","Kakouris","Kakouris",10,"Greece","EL",1919,2,"Male",0,1,0,0,0,1,"Former CJ judge",0,0,1983-02-16,1997-10-06,1983-02-16,1997-10-06,NA,NA,NA,NA,NA,NA
132,"J1003",1203,"Christos Yeraris","Christos","Yeraris","Yeraris","Yeraris","Yeraris",10,"Greece","EL",1938,2,"Male",0,0,1,0,0,1,"Former GC judge",0,0,1989-09-01,1992-08-31,NA,NA,1989-09-01,1992-08-31,NA,NA,NA,NA
133,"J1004",1204,"Andreas Kalogeropoulos","Andreas","Kalogeropoulos","Kalogeropoulos","Kalogeropoulos","Kalogeropoulos",10,"Greece","EL",1944,2,"Male",0,0,1,0,0,1,"Former GC judge",0,0,1992-09-18,1998-08-31,NA,NA,1992-09-18,1998-08-31,NA,NA,NA,NA
134,"J1005",1210,"Georges Cosmas","Georges","Cosmas","Cosmas","Cosmas","Cosmas",10,"Greece","EL",1932,2,"Male",0,0,0,0,1,1,"Former AG",0,0,1994-10-07,2000-10-06,NA,NA,NA,NA,NA,NA,1994-10-07,2000-10-06
135,"J1006",1205,"Krateros Ioannou","Krateros","Ioannou","Ioannou","Ioannou","Ioannou",10,"Greece","EL",1935,2,"Male",0,1,0,0,0,1,"Former CJ judge",0,0,1997-10-07,1999-03-10,1997-10-07,1999-03-10,NA,NA,NA,NA,NA,NA
136,"J1007",1206,"Michail Vilaras","Michail","Vilaras","Vilaras","Vilaras","Vilaras",10,"Greece","EL",1950,2,"Male",0,1,1,0,0,2,"Former CJ judge; Former GC judge",0,1,1998-09-01,2021-10-07,2015-10-07,2021-10-07,1998-09-01,2010-09-01,NA,NA,NA,NA
137,"J1008",1207,"Vassilios Skouris","Vassilios","Skouris","Skouris","Skouris","Skouris",10,"Greece","EL",1948,2,"Male",0,1,0,0,0,1,"Former CJ judge",0,0,1999-05-26,2015-10-06,1999-05-26,2015-10-06,NA,NA,NA,NA,NA,NA
138,"J1009",1211,"Haris Tagaras","Haris","Tagaras","Tagaras","Tagaras","Tagaras",10,"Greece","EL",1955,2,"Male",0,0,0,1,0,1,"Former CST judge",0,0,2005-10-06,2011-10-06,NA,NA,NA,NA,2005-10-06,2011-10-06,NA,NA
139,"J1010",1208,"Dimitrios Gratsias","Dimitrios","Gratsias","Gratsias","Gratsias","Gratsias",10,"Greece","EL",1957,2,"Male",0,1,1,0,0,2,"Current CJ judge; Former GC judge",1,0,2010-10-25,NA,2021-10-07,NA,2010-10-25,2021-10-07,NA,NA,NA,NA
140,"J1011",1209,"Constantinos Iliopoulos","Constantinos","Iliopoulos","Iliopoulos","Iliopoulos","Iliopoulos",10,"Greece","EL",1948,2,"Male",0,0,1,0,0,1,"Current GC judge",1,0,2016-04-13,NA,NA,NA,2016-04-13,NA,NA,NA,NA,NA
141,"J1012",1212,"Athanasios Rantos","Athanasios","Rantos","Rantos","Rantos","Rantos",10,"Greece","EL",1953,2,"Male",0,0,0,0,1,1,"Current AG",1,0,2020-09-10,NA,NA,NA,NA,NA,NA,NA,2020-09-10,NA
142,"J1101",2202,"José Luis da Cruz Vilaça","José Luis","da Cruz Vilaça","da Cruz Vilaca","da Cruz Vilaça","da Cruz Vilaca",11,"Portugal","PT",1944,2,"Male",0,1,1,0,1,3,"Former CJ judge; Former GC judge; Former AG",0,1,1986-01-01,2018-10-08,2012-10-08,2018-10-08,1989-09-01,1995-08-31,NA,NA,1986-01-01,1988-10-06
143,"J1102",2201,"José Carlos de Carvalho Moitinho de Almeida","José Carlos","de Carvalho Moitinho de Almeida","de Carvalho Moitinho de Almeida","de Carvalho Moitinho de Almeida","de Carvalho Moitinho de Almeida",11,"Portugal","PT",1936,2,"Male",0,1,0,0,0,1,"Former CJ judge",0,0,1986-01-01,2000-10-06,1986-01-01,2000-10-06,NA,NA,NA,NA,NA,NA
144,"J1103",2203,"Rui Manuel Gens de Moura Ramos","Rui Manuel","Gens de Moura Ramos","Gens de Moura Ramos","Gens de Moura Ramos","Gens de Moura Ramos",11,"Portugal","PT",1950,2,"Male",0,0,1,0,0,1,"Former GC judge",0,0,1995-09-18,2003-03-31,NA,NA,1995-09-18,2003-03-31,NA,NA,NA,NA
145,"J1104",2204,"José Narciso da Cunha Rodrigues","José Narciso","da Cunha Rodrigues","da Cunha Rodrigues","da Cunha Rodrigues","da Cunha Rodrigues",11,"Portugal","PT",1940,2,"Male",0,1,0,0,0,1,"Former CJ judge",0,0,2000-10-07,2012-10-06,2000-10-07,2012-10-06,NA,NA,NA,NA,NA,NA
146,"J1105",2205,"Maria Eugénia Martins de Nazaré Ribeiro","Maria Eugénia","Martins de Nazaré Ribeiro","Martins de Nazare Ribeiro","Martins de Nazaré Ribeiro","Martins de Nazare Ribeiro",11,"Portugal","PT",1956,1,"Female",1,0,1,0,0,1,"Former GC judge",0,0,2003-04-01,2016-08-31,NA,NA,2003-04-01,2016-08-31,NA,NA,NA,NA
147,"J1106",2209,"Luís Miguel Poiares Pessoa Maduro","Luís Miguel","Poiares Pessoa Maduro","Poiares Pessoa Maduro","Poiares Pessoa Maduro","Poiares Pessoa Maduro",11,"Portugal","PT",1967,2,"Male",0,0,0,0,1,1,"Former AG",0,0,2003-10-07,2009-10-06,NA,NA,NA,NA,NA,NA,2003-10-07,2009-10-06
148,"J1107",2210,"João Sant'Anna","João","Sant'Anna","Sant'Anna","Sant'Anna","Sant'Anna",11,"Portugal","PT",1957,2,"Male",0,0,0,1,0,1,"Former CST judge",0,0,2016-04-13,2016-08-31,NA,NA,NA,NA,2016-04-13,2016-08-31,NA,NA
149,"J1108",2207,"Maria José Costeira","Maria José","Costeira","Costeira","Costeira","Costeira",11,"Portugal","PT",1967,1,"Female",1,0,1,0,0,1,"Current GC judge",1,0,2016-09-19,NA,NA,NA,2016-09-19,NA,NA,NA,NA,NA
150,"J1109",2206,"Ricardo da Silva Passos","Ricardo","da Silva Passos","da Silva Passos","da Silva Passos","da Silva Passos",11,"Portugal","PT",1953,2,"Male",0,0,1,0,0,1,"Current GC judge",1,0,2016-09-19,NA,NA,NA,2016-09-19,NA,NA,NA,NA,NA
151,"J1110",2208,"Nuno José Cardoso da Silva Piçarra","Nuno José","Cardoso da Silva Piçarra","Cardoso da Silva Picarra","Cardoso da Silva Piçarra","Cardoso da Silva Picarra",11,"Portugal","PT",1957,2,"Male",0,1,0,0,0,1,"Current CJ judge",1,0,2018-10-07,NA,2018-10-07,NA,NA,NA,NA,NA,NA,NA
152,"J1201",2601,"Gil Carlos Rodrìguez Iglesias","Gil Carlos","Rodrìguez Iglesias","Rodriguez Iglesias","Rodrìguez Iglesias","Rodriguez Iglesias",12,"Spain","ES",1946,2,"Male",0,1,0,0,0,1,"Former CJ judge",0,0,1986-01-01,2003-10-06,1986-01-01,2003-10-06,NA,NA,NA,NA,NA,NA
153,"J1202",2602,"Manuel Diez de Velasco","Manuel","Diez de Velasco","Diez de Velasco","Diez de Velasco","Diez de Velasco",12,"Spain","ES",1926,2,"Male",0,1,0,0,0,1,"Former CJ judge",0,0,1988-10-07,1994-10-06,1988-10-07,1994-10-06,NA,NA,NA,NA,NA,NA
154,"J1203",2603,"Rafael García-Valdecasas y Fernández","Rafael","García-Valdecasas y Fernández","Garcia-Valdecasas y Fernandez","García-Valdecasas y Fernández","Garcia-Valdecasas y Fernandez",12,"Spain","ES",1946,2,"Male",0,0,1,0,0,1,"Former GC judge",0,0,1989-09-01,2007-08-31,NA,NA,1989-09-01,2007-08-31,NA,NA,NA,NA
155,"J1204",2608,"Dámaso Ruiz-Jarabo Colomer","Dámaso","Ruiz-Jarabo Colomer","Ruiz-Jarabo Colomer","Ruiz-Jarabo Colomer","Ruiz-Jarabo Colomer",12,"Spain","ES",1949,2,"Male",0,0,0,0,1,1,"Former AG",0,0,1995-01-19,2009-11-12,NA,NA,NA,NA,NA,NA,1995-01-19,2009-11-12
156,"J1205",2604,"Rosario Silva de Lapuerta","Rosario","Silva de Lapuerta","Silva de Lapuerta","Silva de Lapuerta","Silva de Lapuerta",12,"Spain","ES",1954,1,"Female",1,1,0,0,0,1,"Former CJ judge",0,0,2003-10-07,2021-10-07,2003-10-07,2021-10-07,NA,NA,NA,NA,NA,NA
157,"J1206",2605,"Santiago Soldevila Fragoso","Santiago","Soldevila Fragoso","Soldevila Fragoso","Soldevila Fragoso","Soldevila Fragoso",12,"Spain","ES",1960,2,"Male",0,0,1,0,0,1,"Former GC judge",0,0,2007-09-01,2013-08-31,NA,NA,2007-09-01,2013-08-31,NA,NA,NA,NA
158,"J1207",2611,"Maria Isabel Rofes i Pujol","Maria Isabel","Rofes i Pujol","Rofes i Pujol","Rofes i Pujol","Rofes i Pujol",12,"Spain","ES",1956,1,"Female",1,0,0,1,0,1,"Former CST judge",0,0,2009-10-07,2016-04-13,NA,NA,NA,NA,2009-10-07,2016-04-13,NA,NA
159,"J1208",2609,"Pedro Cruz Villalón","Pedro","Cruz Villalón","Cruz Villalon","Cruz Villalón","Cruz Villalon",12,"Spain","ES",1946,2,"Male",0,0,0,0,1,1,"Former AG",0,0,2009-12-14,2015-10-07,NA,NA,NA,NA,NA,NA,2009-12-14,2015-10-07
160,"J1209",2606,"Ignacio Ulloa Rubio","Ignacio","Ulloa Rubio","Ulloa Rubio","Ulloa Rubio","Ulloa Rubio",12,"Spain","ES",1967,2,"Male",0,0,1,0,0,1,"Former GC judge",0,0,2013-09-01,2019-09-26,NA,NA,2013-09-01,2019-09-26,NA,NA,NA,NA
161,"J1210",2610,"Manuel Campos Sánchez-Bordona","Manuel","Campos Sánchez-Bordona","Campos Sanchez-Bordona","Campos Sánchez-Bordona","Campos Sanchez-Bordona",12,"Spain","ES",1950,2,"Male",0,0,0,0,1,1,"Current AG",1,0,2015-10-07,NA,NA,NA,NA,NA,NA,NA,2015-10-07,NA
162,"J1211",2607,"Leopoldo Calvo-Sotelo Ibáñez-Martín","Leopoldo","Calvo-Sotelo Ibáñez-Martín","Calvo-Sotelo Ibanez-Martin","Calvo-Sotelo Ibáñez-Martín","Calvo-Sotelo Ibanez-Martin",12,"Spain","ES",1957,2,"Male",0,0,1,0,0,1,"Former GC judge",0,0,2016-04-13,2019-09-26,NA,NA,2016-04-13,2019-09-26,NA,NA,NA,NA
163,"J1212",NA,"José Martín y Pérez de Nanclares","José","Martín y Pérez de Nanclares","Martin y Perez de Nanclares","Martín y Pérez de Nanclares","Martin y Perez de Nanclares",12,"Spain","ES",1965,2,"Male",0,0,1,0,0,1,"Current GC judge",1,0,2019-09-26,NA,NA,NA,2019-09-26,NA,NA,NA,NA,NA
164,"J1213",2612,"Miguel Sampol Pucurull","Miguel","Sampol Pucurull","Sampol Pucurull","Sampol Pucurull","Sampol Pucurull",12,"Spain","ES",1974,2,"Male",0,0,1,0,0,1,"Current GC judge",1,0,2019-09-26,NA,NA,NA,2019-09-26,NA,NA,NA,NA,NA
165,"J1214",NA,"Maria Lourdes Arastey Sahún","Maria","Lourdes Arastey Sahún","Lourdes Arastey Sahun","Lourdes Arastey Sahún","Lourdes Arastey Sahun",12,"Spain","ES",1959,1,"Female",1,1,0,0,0,1,"Current CJ judge",1,0,2021-10-07,NA,2021-10-07,NA,NA,NA,NA,NA,NA,NA
166,"J1301",102,"Josef Azizi","Josef","Azizi","Azizi","Azizi","Azizi",13,"Austria","AT",1948,2,"Male",0,0,1,0,0,1,"Former GC judge",0,0,1995-01-01,2013-09-01,NA,NA,1995-01-01,2013-09-01,NA,NA,NA,NA
167,"J1302",101,"Peter Jann","Peter","Jann","Jann","Jann","Jann",13,"Austria","AT",1935,2,"Male",0,1,0,0,0,1,"Former CJ judge",0,0,1995-01-01,2009-10-06,1995-01-01,2009-10-06,NA,NA,NA,NA,NA,NA
168,"J1303",105,"Christine Stix-Hackl","Christine","Stix-Hackl","Stix-Hackl","Stix-Hackl","Stix-Hackl",13,"Austria","AT",1957,1,"Female",1,0,0,0,1,1,"Former AG",0,0,2000-10-07,2006-10-06,NA,NA,NA,NA,NA,NA,2000-10-07,2006-10-06
169,"J1304",103,"Maria Berger","Maria","Berger","Berger","Berger","Berger",13,"Austria","AT",1956,1,"Female",1,1,0,0,0,1,"Former CJ judge",0,0,2009-10-07,2019-03-20,2009-10-07,2019-03-20,NA,NA,NA,NA,NA,NA
170,"J1305",104,"Viktor Kreuschitz","Viktor","Kreuschitz","Kreuschitz","Kreuschitz","Kreuschitz",13,"Austria","AT",1952,2,"Male",0,0,1,0,0,1,"Current GC judge",1,0,2013-09-01,NA,NA,NA,2013-09-01,NA,NA,NA,NA,NA
171,"J1306",106,"Andreas Kumin","Andreas","Kumin","Kumin","Kumin","Kumin",13,"Austria","AT",1965,2,"Male",0,1,0,0,0,1,"Current CJ judge",1,0,2019-03-20,NA,2019-03-20,NA,NA,NA,NA,NA,NA,NA
172,"J1307",107,"Gerhard Hesse","Gerhard","Hesse","Hesse","Hesse","Hesse",13,"Austria","AT",1970,2,"Male",0,0,1,0,0,1,"Current GC judge",1,0,2019-09-26,NA,NA,NA,2019-09-26,NA,NA,NA,NA,NA
173,"J1401",901,"Leif Sevón","Leif","Sevón","Sevon","Sevón","Sevon",14,"Finland","FI",1941,2,"Male",0,1,0,0,0,1,"Former CJ judge",0,0,1995-01-01,2002-01-16,1995-01-01,2002-01-16,NA,NA,NA,NA,NA,NA
174,"J1402",902,"Virpi Tiili","Virpi","Tiili","Tiili","Tiili","Tiili",14,"Finland","FI",1942,1,"Female",1,0,1,0,0,1,"Former GC judge",0,0,1995-01-01,2009-09-01,NA,NA,1995-01-01,2009-09-01,NA,NA,NA,NA
175,"J1403",903,"Allan Rosas","Allan","Rosas","Rosas","Rosas","Rosas",14,"Finland","FI",1948,2,"Male",0,1,0,0,0,1,"Former CJ judge",0,0,2002-01-17,2019-10-07,2002-01-17,2019-10-07,NA,NA,NA,NA,NA,NA
176,"J1404",904,"Heikki Kanninen","Heikki","Kanninen","Kanninen","Kanninen","Kanninen",14,"Finland","FI",1952,2,"Male",0,0,1,1,0,2,"Current GC judge; Former CST judge",1,0,2005-10-06,NA,NA,NA,2009-09-01,NA,2005-10-06,2009-10-06,NA,NA
177,"J1405",905,"Niilo Jääskinen","Niilo","Jääskinen","Jaaskinen","Jääskinen","Jaaskinen",14,"Finland","FI",1958,2,"Male",0,1,0,0,1,2,"Current CJ judge; Former AG",1,1,2009-10-07,NA,2019-10-07,NA,NA,NA,NA,NA,2009-10-07,2015-10-07
178,"J1406",906,"Tuula Riitta Pynnä","Tuula Riitta","Pynnä","Pynna","Pynnä","Pynna",14,"Finland","FI",1958,1,"Female",1,0,1,0,0,1,"Current GC judge",1,0,2019-09-26,NA,NA,NA,2019-09-26,NA,NA,NA,NA,NA
179,"J1501",2701,"Hans Ragnemalm","Hans","Ragnemalm","Ragnemalm","Ragnemalm","Ragnemalm",15,"Sweden","SE",1940,2,"Male",0,1,0,0,0,1,"Former CJ judge",0,0,1995-01-01,2000-10-06,1995-01-01,2000-10-06,NA,NA,NA,NA,NA,NA
180,"J1502",2702,"Pernilla Lindh","Pernilla","Lindh","Lindh","Lindh","Lindh",15,"Sweden","SE",1945,1,"Female",1,1,1,0,0,2,"Former CJ judge; Former GC judge",0,0,1995-01-18,2011-10-06,2006-10-07,2011-10-06,1995-01-18,2006-10-06,NA,NA,NA,NA
181,"J1503",2703,"Stig von Bahr","Stig","von Bahr","von Bahr","von Bahr","von Bahr",15,"Sweden","SE",1939,2,"Male",0,1,0,0,0,1,"Former CJ judge",0,0,2000-10-08,2006-10-06,2000-10-08,2006-10-06,NA,NA,NA,NA,NA,NA
182,"J1504",2704,"Nils Wahl","Nils","Wahl","Wahl","Wahl","Wahl",15,"Sweden","SE",1961,2,"Male",0,1,1,0,1,3,"Current CJ judge; Former GC judge; Former AG",1,1,2006-10-06,NA,2019-10-07,NA,2006-10-06,2012-11-28,NA,NA,2012-11-28,2019-02-06
183,"J1505",2705,"Carl Gustav Fernlund","Carl Gustav","Fernlund","Fernlund","Fernlund","Fernlund",15,"Sweden","SE",1950,2,"Male",0,1,0,0,0,1,"Former CJ judge",0,0,2011-10-06,2019-10-07,2011-10-06,2019-10-07,NA,NA,NA,NA,NA,NA
184,"J1506",2706,"Carl Wetter","Carl","Wetter","Wetter","Wetter","Wetter",15,"Sweden","SE",1949,2,"Male",0,0,1,0,0,1,"Former GC judge",0,0,2013-03-18,2016-09-19,NA,NA,2013-03-18,2016-09-19,NA,NA,NA,NA
185,"J1507",2707,"Fredrik Schalin","Fredrik","Schalin","Schalin","Schalin","Schalin",15,"Sweden","SE",1964,2,"Male",0,0,1,0,0,1,"Current GC judge",1,0,2016-06-08,NA,NA,NA,2016-06-08,NA,NA,NA,NA,NA
186,"J1508",2708,"Ulf Christophe Öberg","Ulf Christophe","Öberg","Oberg","Öberg","Oberg",15,"Sweden","SE",1966,2,"Male",0,0,1,0,0,1,"Current GC judge",1,0,2016-09-19,NA,NA,NA,2016-09-19,NA,NA,NA,NA,NA
187,"J1601",501,"George Arestis","George","Arestis","Arestis","Arestis","Arestis",16,"Cyprus","CY",1945,2,"Male",0,1,0,0,0,1,"Former CJ judge",0,0,2004-05-01,2014-10-06,2004-05-01,2014-10-06,NA,NA,NA,NA,NA,NA
188,"J1602",502,"Savvas Papasavvas","Savvas","Papasavvas","Papasavvas","Papasavvas","Papasavvas",16,"Cyprus","CY",1969,2,"Male",0,0,1,0,0,1,"Current GC judge",1,0,2004-05-01,NA,NA,NA,2004-05-01,NA,NA,NA,NA,NA
189,"J1603",503,"Constantinos Lycourgos","Constantinos","Lycourgos","Lycourgos","Lycourgos","Lycourgos",16,"Cyprus","CY",1964,2,"Male",0,1,0,0,0,1,"Current CJ judge",1,0,2014-10-07,NA,2014-10-07,NA,NA,NA,NA,NA,NA,NA
190,"J1604",504,"Anna Marcoulli","Anna","Marcoulli","Marcoulli","Marcoulli","Marcoulli",16,"Cyprus","CY",1978,1,"Female",1,0,1,0,0,1,"Current GC judge",1,0,2016-04-13,NA,NA,NA,2016-04-13,NA,NA,NA,NA,NA
191,"J1605",NA,"Nicholas Emiliou","Nicholas","Emiliou","Emiliou","Emiliou","Emiliou",16,"Cyprus","CY",1963,2,"Male",0,0,0,0,1,1,"Current AG",1,0,2021-10-07,NA,2021-10-07,NA,NA,NA,NA,NA,NA,NA
192,"J1701",601,"Jiří Malenovský","Jiří","Malenovský","Malenovsky","Malenovský","Malenovsky",17,"Czech Republic","CZ",1950,2,"Male",0,1,0,0,0,1,"Former CJ judge",0,0,2004-05-01,2020-10-06,2004-05-01,2020-10-06,NA,NA,NA,NA,NA,NA
193,"J1702",602,"Irena Pelikánová","Irena","Pelikánová","Pelikanova","Pelikánová","Pelikanova",17,"Czech Republic","CZ",1949,1,"Female",1,0,1,0,0,1,"Former GC judge",0,0,2004-05-01,2019-09-26,NA,NA,2004-05-01,2019-09-26,NA,NA,NA,NA
194,"J1703",604,"Michal Bobek","Michal","Bobek","Bobek","Bobek","Bobek",17,"Czech Republic","CZ",1977,2,"Male",0,0,0,0,1,1,"Former AG",0,0,2015-10-07,2021-10-07,NA,NA,NA,NA,NA,NA,2015-10-07,2021-10-07
195,"J1704",603,"Jan Passer","Jan","Passer","Passer","Passer","Passer",17,"Czech Republic","CZ",1974,2,"Male",0,1,1,0,0,2,"Current CJ judge; Former GC judge",1,0,2016-09-19,NA,2020-10-06,NA,2016-09-19,2020-10-06,NA,NA,NA,NA
196,"J1705",605,"Petra Škvařilová-Pelzl","Petra","Škvařilová-Pelzl","Skvarilova-Pelzl","Škvařilová-Pelzl","Skvarilova-Pelzl",17,"Czech Republic","CZ",1975,1,"Female",1,0,1,0,0,1,"Current GC judge",1,0,2019-09-26,NA,NA,NA,2019-09-26,NA,NA,NA,NA,NA
197,"J1706",NA,"David Petrlík","David","Petrlík","Petrlik","Petrlík","Petrlik",17,"Czech Republic","CZ",1978,2,"Male",0,0,1,0,0,1,"Current GC judge",1,0,2021-03-01,NA,NA,NA,2021-03-01,NA,NA,NA,NA,NA
198,"J1801",801,"Uno Lõhmus","Uno","Lõhmus","Lohmus","Lõhmus","Lohmus",18,"Estonia","EE",1952,2,"Male",0,1,0,0,0,1,"Former CJ judge",0,0,2004-05-01,2013-10-06,2004-05-01,2013-10-06,NA,NA,NA,NA,NA,NA
199,"J1802",803,"Küllike Jürimäe","Küllike","Jürimäe","Jurimae","Jürimäe","Jurimae",18,"Estonia","EE",1962,1,"Female",1,1,1,0,0,2,"Current CJ judge; Former GC judge",1,0,2004-05-12,NA,2013-10-23,NA,2004-05-12,2013-10-23,NA,NA,NA,NA
200,"J1803",804,"Lauri Madise","Lauri","Madise","Madise","Madise","Madise",18,"Estonia","EE",1974,2,"Male",0,0,1,0,0,1,"Current GC judge",1,0,2013-10-06,NA,NA,NA,2013-10-06,NA,NA,NA,NA,NA
201,"J1804",805,"Priit Pikamäe","Priit","Pikamäe","Pikamae","Pikamäe","Pikamae",18,"Estonia","EE",1973,2,"Male",0,0,0,0,1,1,"Current AG",1,0,2019-02-06,NA,NA,NA,NA,NA,NA,NA,2019-02-06,NA
202,"J1805",806,"Iko Nõmm","Iko","Nõmm","Nomm","Nõmm","Nomm",18,"Estonia","EE",1977,2,"Male",0,0,1,0,0,1,"Current GC judge",1,0,2019-09-26,NA,NA,NA,2019-09-26,NA,NA,NA,NA,NA
203,"J1901",1302,"Ottó Czúcz","Ottó","Czúcz","Czucz","Czúcz","Czucz",19,"Hungary","HU",1946,2,"Male",0,0,1,0,0,1,"Former GC judge",0,0,2004-05-01,2016-08-31,NA,NA,2004-05-01,2016-08-31,NA,NA,NA,NA
204,"J1902",1301,"Endre Juhász","Endre","Juhász","Juhasz","Juhász","Juhasz",19,"Hungary","HU",1944,2,"Male",0,1,0,0,0,1,"Former CJ judge",0,0,2004-05-11,2021-10-07,2004-05-11,2021-10-07,NA,NA,NA,NA,NA,NA
205,"J1903",1303,"Zoltán Csehi","Zoltán","Csehi","Csehi","Csehi","Csehi",19,"Hungary","HU",1965,2,"Male",0,1,1,0,0,2,"Current CJ judge; Former GC judge",1,0,2016-04-13,NA,2021-10-07,NA,2016-04-13,2021-10-07,NA,NA,NA,NA
206,"J1904",1304,"Barna Berke","Barna","Berke","Berke","Berke","Berke",19,"Hungary","HU",1966,2,"Male",0,0,1,0,0,1,"Former GC judge",0,0,2016-09-19,2021-08-01,NA,NA,2016-09-19,2021-08-01,NA,NA,NA,NA
207,"J2001",1602,"Ingrida Labucka","Ingrida","Labucka","Labucka","Labucka","Labucka",20,"Latvia","LV",1963,1,"Female",1,0,1,0,0,1,"Former GC judge",0,0,2004-05-01,2020-02-25,NA,NA,2004-05-01,2020-02-25,NA,NA,NA,NA
208,"J2002",1601,"Egils Levits","Egils","Levits","Levits","Levits","Levits",20,"Latvia","LV",1955,2,"Male",0,1,0,0,0,1,"Former CJ judge",0,0,2004-05-01,2019-06-17,2004-05-01,2019-06-17,NA,NA,NA,NA,NA,NA
209,"J2003",1603,"Inga Reine","Inga","Reine","Reine","Reine","Reine",20,"Latvia","LV",1975,1,"Female",1,0,1,0,0,1,"Current GC judge",1,0,2016-06-08,NA,NA,NA,2016-06-08,NA,NA,NA,NA,NA
210,"J2004",NA,"Pēteris Zilgalvis","Pēteris","Zilgalvis","Zilgalvis","Zilgalvis","Zilgalvis",20,"Latvia","LV",1964,2,"Male",0,0,1,0,0,1,"Current GC judge",1,0,2021-09-27,NA,NA,NA,2021-09-27,NA,NA,NA,NA,NA
211,"J2005",NA,"Laila Medina","Laila","Medina","Medina","Medina","Medina",20,"Latvia","LV",1971,1,"Female",1,0,0,0,1,1,"Current AG",1,0,2021-10-07,NA,2021-10-07,NA,NA,NA,NA,NA,NA,NA
212,"J2006",NA,"Ineta Ziemele","Ineta","Ziemele","Ziemele","Ziemele","Ziemele",20,"Latvia","LV",1970,1,"Female",1,1,0,0,0,1,"Current CJ judge",1,0,2021-10-07,NA,2021-10-07,NA,NA,NA,NA,NA,NA,NA
213,"J2101",1701,"Pranas Kūris","Pranas","Kūris","Kuris","Kūris","Kuris",21,"Lithuania","LT",1938,2,"Male",0,1,0,0,0,1,"Former CJ judge",0,0,2004-05-01,2012-10-06,2004-05-01,2012-10-06,NA,NA,NA,NA,NA,NA
214,"J2102",1702,"Vilenas Vadapalas","Vilenas","Vadapalas","Vadapalas","Vadapalas","Vadapalas",21,"Lithuania","LT",1954,2,"Male",0,0,1,0,0,1,"Former GC judge",0,0,2004-05-01,2013-08-31,NA,NA,2004-05-01,2013-08-31,NA,NA,NA,NA
215,"J2103",1703,"Egidijus Jarašiūnas","Egidijus","Jarašiūnas","Jarasiunas","Jarašiūnas","Jarasiunas",21,"Lithuania","LT",1952,2,"Male",0,1,0,0,0,1,"Former CJ judge",0,0,2010-10-06,2018-10-08,2010-10-06,2018-10-08,NA,NA,NA,NA,NA,NA
216,"J2104",1704,"Egidijus Bieliūnas","Egidijus","Bieliūnas","Bieliunas","Bieliūnas","Bieliunas",21,"Lithuania","LT",1950,2,"Male",0,0,1,0,0,1,"Former GC judge",0,0,2013-09-01,2019-09-26,NA,NA,2013-09-01,2019-09-26,NA,NA,NA,NA
217,"J2105",1705,"Virgilijus Valančius","Virgilijus","Valančius","Valancius","Valančius","Valancius",21,"Lithuania","LT",1963,2,"Male",0,0,1,0,0,1,"Current GC judge",1,0,2016-04-13,NA,NA,NA,2016-04-13,NA,NA,NA,NA,NA
218,"J2106",1706,"Irmantas Jarukaitis","Irmantas","Jarukaitis","Jarukaitis","Jarukaitis","Jarukaitis",21,"Lithuania","LT",1973,2,"Male",0,1,0,0,0,1,"Current CJ judge",1,0,2018-10-07,NA,2018-10-07,NA,NA,NA,NA,NA,NA,NA
219,"J2107",1707,"Rimvydas Norkus","Rimvydas","Norkus","Norkus","Norkus","Norkus",21,"Lithuania","LT",1979,2,"Male",0,0,1,0,0,1,"Current GC judge",1,0,2019-09-26,NA,NA,NA,2019-09-26,NA,NA,NA,NA,NA
220,"J2201",1901,"Anthony Borg Barthet","Anthony","Borg Barthet","Borg Barthet","Borg Barthet","Borg Barthet",22,"Malta","MT",1947,2,"Male",0,1,0,0,0,1,"Former CJ judge",0,0,2004-05-01,2018-10-08,2004-05-01,2018-10-08,NA,NA,NA,NA,NA,NA
221,"J2202",1902,"Ena Cremona","Ena","Cremona","Cremona","Cremona","Cremona",22,"Malta","MT",1936,1,"Female",1,0,1,0,0,1,"Former GC judge",0,0,2004-05-01,2012-09-22,NA,NA,2004-05-01,2012-09-22,NA,NA,NA,NA
222,"J2203",1903,"Eugène Buttigieg","Eugène","Buttigieg","Buttigieg","Buttigieg","Buttigieg",22,"Malta","MT",1961,2,"Male",0,0,1,0,0,1,"Current GC judge",1,0,2012-09-22,NA,NA,NA,2012-09-22,NA,NA,NA,NA,NA
223,"J2204",1904,"Peter George Xuereb","Peter George","Xuereb","Xuereb","Xuereb","Xuereb",22,"Malta","MT",1954,2,"Male",0,1,1,0,0,2,"Current CJ judge; Former GC judge",1,0,2016-04-13,NA,2018-10-08,NA,2016-04-13,2018-10-08,NA,NA,NA,NA
224,"J2205",1905,"Ramona Frendo","Ramona","Frendo","Frendo","Frendo","Frendo",22,"Malta","MT",1971,1,"Female",1,0,1,0,0,1,"Current GC judge",1,0,2019-03-20,NA,NA,NA,2019-03-20,NA,NA,NA,NA,NA
225,"J2301",2101,"Jerzy Makarczyk","Jerzy","Makarczyk","Makarczyk","Makarczyk","Makarczyk",23,"Poland","PL",1938,2,"Male",0,1,0,0,0,1,"Former CJ judge",0,0,2004-05-01,2009-10-06,2004-05-01,2009-10-06,NA,NA,NA,NA,NA,NA
226,"J2302",2102,"Irena Wiszniewska-Białecka","Irena","Wiszniewska-Białecka","Wiszniewska-Bialecka","Wiszniewska-Białecka","Wiszniewska-Bialecka",23,"Poland","PL",1957,1,"Female",1,0,1,0,0,1,"Former GC judge",0,0,2004-05-01,2016-09-19,NA,NA,2004-05-01,2016-09-19,NA,NA,NA,NA
227,"J2303",2107,"Irena Boruta","Irena","Boruta","Boruta","Boruta","Boruta",23,"Poland","PL",1950,1,"Female",1,0,0,1,0,1,"Former CST judge",0,0,2005-10-06,2013-10-07,NA,NA,NA,NA,2005-10-06,2013-10-07,NA,NA
228,"J2304",2103,"Marek Safjan","Marek","Safjan","Safjan","Safjan","Safjan",23,"Poland","PL",1949,2,"Male",0,1,0,0,0,1,"Current CJ judge",1,0,2009-10-07,NA,2009-10-07,NA,NA,NA,NA,NA,NA,NA
229,"J2305",2106,"Maciej Szpunar","Maciej","Szpunar","Szpunar","Szpunar","Szpunar",23,"Poland","PL",1971,2,"Male",0,0,0,0,1,1,"Current AG",1,0,2013-10-23,NA,NA,NA,NA,NA,NA,NA,2013-10-23,NA
230,"J2306",2104,"Nina Półtorak","Nina","Półtorak","Poltorak","Półtorak","Poltorak",23,"Poland","PL",1971,1,"Female",1,0,1,0,0,1,"Current GC judge",1,0,2016-04-13,NA,NA,NA,2016-04-13,NA,NA,NA,NA,NA
231,"J2307",2105,"Krystyna Kowalik-Bańczyk","Krystyna","Kowalik-Bańczyk","Kowalik-Banczyk","Kowalik-Bańczyk","Kowalik-Banczyk",23,"Poland","PL",1976,2,"Male",0,0,1,0,0,1,"Current GC judge",1,0,2016-09-01,NA,NA,NA,2016-09-01,NA,NA,NA,NA,NA
232,"J2401",2401,"Ján Klučka","Ján","Klučka","Klucka","Klučka","Klucka",24,"Slovakia","SK",1951,2,"Male",0,1,0,0,0,1,"Former CJ judge",0,0,2004-05-01,2009-10-06,2004-05-01,2009-10-06,NA,NA,NA,NA,NA,NA
233,"J2402",2402,"Daniel Šváby","Daniel","Šváby","Svaby","Šváby","Svaby",24,"Slovakia","SK",1951,2,"Male",0,1,1,0,0,2,"Former CJ judge; Former GC judge",0,0,2004-05-12,2021-10-07,2009-10-07,2021-10-07,2004-05-12,2009-10-06,NA,NA,NA,NA
234,"J2403",2404,"Ján Mazák","Ján","Mazák","Mazak","Mazák","Mazak",24,"Slovakia","SK",1954,2,"Male",0,0,0,0,1,1,"Former AG",0,0,2006-10-07,2012-10-08,NA,NA,NA,NA,NA,NA,2006-10-07,2012-10-08
235,"J2404",2403,"Juraj Schwarcz","Juraj","Schwarcz","Schwarcz","Schwarcz","Schwarcz",24,"Slovakia","SK",1952,2,"Male",0,0,1,0,0,1,"Current GC judge",1,0,2009-10-07,NA,NA,NA,2009-10-07,NA,NA,NA,NA,NA
236,"J2405",NA,"Miroslav Gavalec","Miroslav","Gavalec","Gavalec","Gavalec","Gavalec",24,"Slovakia","SK",1961,2,"Male",0,1,0,0,0,1,"Current CJ judge",1,0,2021-10-07,NA,2021-10-07,NA,NA,NA,NA,NA,NA,NA
237,"J2501",2501,"Marko Ilešič","Marko","Ilešič","Ilesic","Ilešič","Ilesic",25,"Slovenia","SI",1947,2,"Male",0,1,0,0,0,1,"Current CJ judge",1,0,2004-05-01,NA,2004-05-01,NA,NA,NA,NA,NA,NA,NA
238,"J2502",2502,"Verica Trstenjak","Verica","Trstenjak","Trstenjak","Trstenjak","Trstenjak",25,"Slovenia","SI",1962,2,"Male",0,0,1,0,1,2,"Former GC judge; Former AG",0,0,2004-07-01,2012-11-28,NA,NA,2004-07-01,2006-10-06,NA,NA,2006-10-07,2012-11-28
239,"J2503",2503,"Miro Prek","Miro","Prek","Prek","Prek","Prek",25,"Slovenia","SI",1956,2,"Male",0,0,1,0,0,1,"Former GC judge",0,0,2006-10-06,2019-09-26,NA,NA,2006-10-06,2019-09-26,NA,NA,NA,NA
240,"J2504",NA,"Maja Brkan","Maja","Brkan","Brkan","Brkan","Brkan",25,"Slovenia","SI",1979,1,"Female",1,0,1,0,0,1,"Current GC judge",1,0,2021-07-06,NA,NA,NA,2021-07-06,NA,NA,NA,NA,NA
241,"J2601",301,"Alexander Arabadjiev","Alexander","Arabadjiev","Arabadjiev","Arabadjiev","Arabadjiev",26,"Bulgaria","BG",1949,2,"Male",0,1,0,0,0,1,"Current CJ judge",1,0,2007-01-01,NA,2007-01-01,NA,NA,NA,NA,NA,NA,NA
242,"J2602",302,"Teodor Tchipev","Teodor","Tchipev","Tchipev","Tchipev","Tchipev",26,"Bulgaria","BG",1940,2,"Male",0,0,1,0,0,1,"Former GC judge",0,0,2007-09-01,2011-09-12,NA,NA,2007-09-01,2011-09-12,NA,NA,NA,NA
243,"J2603",303,"Mariyana Kancheva","Mariyana","Kancheva","Kancheva","Kancheva","Kancheva",26,"Bulgaria","BG",1958,1,"Female",1,0,1,0,0,1,"Current GC judge",1,0,2011-09-12,NA,NA,NA,2011-09-12,NA,NA,NA,NA,NA
244,"J2604",304,"Alexander Kornezov","Alexander","Kornezov","Kornezov","Kornezov","Kornezov",26,"Bulgaria","BG",1978,2,"Male",0,0,1,1,0,2,"Current GC judge; Former CST judge",1,0,2016-04-13,NA,NA,NA,2016-09-01,NA,2016-04-13,2016-08-31,NA,NA
245,"J2605",305,"Evgeni Tanchev","Evgeni","Tanchev","Tanchev","Tanchev","Tanchev",26,"Bulgaria","BG",1952,2,"Male",0,0,0,0,1,1,"Former AG",0,0,2016-09-19,2021-10-07,NA,NA,NA,NA,NA,NA,2016-09-19,2021-10-07
246,"J2701",2302,"Valeriu Ciucă","Valeriu","Ciucă","Ciuca","Ciucă","Ciuca",27,"Romania","RO",1960,2,"Male",0,0,1,0,0,1,"Former GC judge",0,0,2007-01-01,2010-11-26,NA,NA,2007-01-01,2010-11-26,NA,NA,NA,NA
247,"J2702",2301,"Camelia Toader","Camelia","Toader","Toader","Toader","Toader",27,"Romania","RO",1963,1,"Female",1,1,0,0,0,1,"Former CJ judge",0,0,2007-01-12,2021-10-07,2007-01-12,2021-10-07,NA,NA,NA,NA,NA,NA
248,"J2703",2303,"Andrei Popescu","Andrei","Popescu","Popescu","Popescu","Popescu",27,"Romania","RO",1948,2,"Male",0,0,1,0,0,1,"Former GC judge",0,0,2010-11-26,2016-08-31,NA,NA,2010-11-26,2016-08-31,NA,NA,NA,NA
249,"J2704",2304,"Octavia Spineanu-Matei","Octavia","Spineanu-Matei","Spineanu-Matei","Spineanu-Matei","Spineanu-Matei",27,"Romania","RO",1967,1,"Female",1,1,1,0,0,2,"Current CJ judge; Former GC judge",1,0,2016-09-19,NA,2021-10-07,NA,2016-09-19,2021-10-07,NA,NA,NA,NA
250,"J2705",2305,"Mirela Stancu","Mirela","Stancu","Stancu","Stancu","Stancu",27,"Romania","RO",1974,1,"Female",1,0,1,0,0,1,"Current GC judge",1,0,2019-09-01,NA,NA,NA,2019-09-01,NA,NA,NA,NA,NA
251,"J2801",401,"Siniša Rodin","Siniša","Rodin","Rodin","Rodin","Rodin",28,"Croatia","HR",1965,2,"Male",0,1,0,0,0,1,"Current CJ judge",1,0,2013-07-01,NA,2013-07-01,NA,NA,NA,NA,NA,NA,NA
252,"J2802",402,"Vesna Tomljenović","Vesna","Tomljenović","Tomljenovic","Tomljenović","Tomljenovic",28,"Croatia","HR",1956,1,"Female",1,0,1,0,0,1,"Current GC judge",1,0,2013-07-01,NA,NA,NA,2013-07-01,NA,NA,NA,NA,NA
253,"J2803",403,"Tamara Perišin","Tamara","Perišin","Perisin","Perišin","Perisin",28,"Croatia","HR",1979,1,"Female",1,0,1,0,0,1,"Current GC judge",1,0,2019-09-26,NA,NA,NA,2019-09-26,NA,NA,NA,NA,NA
254,"J2804",NA,"Tamara Ćapeta","Tamara","Ćapeta","Capeta","Ćapeta","Capeta",28,"Croatia","HR",1967,1,"Female",1,0,0,0,1,1,"Current AG",1,0,2021-10-07,NA,2021-10-07,NA,NA,NA,NA,NA,NA,NA
